,F,M,IN,Out,Birth,Pups Birthed,Pups Survived,Notes
600,9546,9543,1/14/1996,3/5/1996,3/8/1996,2,1,
601,9455,9046,1/8/1996,,2/22/1996,3,3,
602,9569,9474,1/9/1996,,2/23/1996,3,0,
603,9412,9422,1/12/1996,,2/23/1996,2,2,
604,9238,9258,1/17/1996,3/18/1996,3/21/1996,3,2,
605,9562,9457,1/12/1996,2/27/1996,3/3/1996,2,2,
606,9320,9405,1/20/1996,3/1/1996,3/4/1996,2,2,Hand raised
607,9263,9047,1/30/1996,3/8/1996,3/13/1996,,0,ate pups
608,9568,9268,2/1/1996,,3/16/1996,2,2,
609,9570,9146,2/1/1996,4/10/1996,4/18/1996,2,0,
610,9413,9428,1/31/1996,3/8/1996,3/13/1996,3,2,
611,9429,9322,?,,,,,
612,9426,9101,2/12/1996,8/5/1996,,,,"SAC 9101,9426 dead"
613,9476,9229,2/21/1996,4/7/1996,4/9/1996,3,0,
614,9456,9046,2/26/1996,5/13/1996,,,,SAC 9456
615,B,9474,2/26/1996,,,,,B found dead
616,9420,9406,2/26/1996,,5/3/1996,3,3,
617,9266,9102,3/25/1996,4/10/1996,4/11/1996,1,1,
618,9263,9047,3/15/1996,3/22/1996,5/1/1996,?,0,
619,9546,9542,3/14/1996,,5/1/1996,4,1,"Two litters, 1 litter died"
620,9421,9408,3/18/1996,5/28/1996,6/11/1996,3,3,moved
621,9046,8857,4/2/1996,,5/20/1996,0,0,
624,9429,9322,4/1/1996,,4/1/1996,1,1,
625,c,9146,4/29/1996,6/10/1996,7/5/1996,2,0,
626,9413,9428,5/3/1996,6/21/1996,6/28/1996,3,3,
627,8238,9258,5/4/1996,,6/16/1996,2,0,
628,9345,9418,5/6/1996,7/22/1996,7/30/1996,3,1,
629,9263,9047,5/8/1996,6/18/1996,6/30/1996,3,0,
630,9420,9406,5/3/1996,6/10/1996,,,,
631,9455,9046,5/13/1996,6/20/1996,6/24/1996,3,3,
632,9621,9405,5/13/1996,6/14/1996,6/27/1996,2,2,
633,9266,9102,5/23/1996,7/3/1996,7/9/1996,0,0,
634,9267,9123,5/23/1996,7/3/1996,7/14/1996,3,3,
635,9064,8857,5/20/1996,8/2/1996,,,,SAC 8857
636,9462,9456,5/28/1996,,6/24/1996,2,0,SAC 9462
637,9412,9422,5/28/1996,4/7/1997,,,,
638,9568,9268,5/28/1996,,8/23/1996,2,2,
639,9429,9322,6/6/1996,7/14/1996,7/14/1996,3,2,
640,9238,9258,6/18/1996,7/29/1996,8/1/1996,3,0,
641,9420,9406,6/21/1996,,8/27/1996,2,2,
642,9641,9624,6/28/1996,10/10/1996,10/17/1996,2,0,
643,9581,9620,6/28/1996,8/8/1997,,,,
644,9582,9623,6/28/1996,10/2/1996,10/12/1996,2,0,
645,9263,9047,7/13/1996,8/14/1996,8/20/1996,2,0,
646,9546,9543,?,7/9/1996,7/10/1996,2,0,
647,C,9146,7/15/1996,,,,,SAC C & 9146
648,9266,9102,7/13/1996,?,8/26/1996,1,0,
649,9610,9632,?,7/15/1996,7/21/1996,2,2,
650,9546,9543,7/17/1996,,9/17/1996,2,0,
651,9547,9543,?,7/15/1996,7/18/1996,1,0,
652,9547,9474,7/22/1996,10/14/1996,10/19/1996,?,0,
653,9421,9408,7/19/1996,9/6/1996,9/11/1996,3,3,
654,9578,9576,?,7/30/1996,8/2/1996,2,2,
655,9238,9258,8/3/1996,9/23/1996,10/7/1996,2,2,
656,9455,9046,8/8/1996,9/19/1996,9/22/1996,2,2,
657,9413,9428,8/12/1996,10/16/1996,10/17/1996,2,2,
658,9621,9576,8/12/1996,10/2/1996,10/5/1996,2,1,
659,9606,9632,?,?,8/25/1996,2,2,
660,9267,9123,9/4/1996,11/19/1996,12/4/1996,1,0,
661,9429,9427,9/4/1996,,11/14/1996,?,0,
662,9631,9611,,,9/12/1996,3,0,
663,9266,9102,9/9/1996,10/22/1996,10/24/1996,1,0,SAC 9266
664,9610,9632,9/9/1996,10/22/1996,11/2/1996,2,0,
665,9345,9418,9/9/1996,,12/4/1996,0,0,
666,9631,9650,9/18/1996,11/11/1996,11/18/1996,?,0,
667,9578,9611,9/18/1996,10/25/1996,10/30/1996,3,3,
668,9546,9543,9/17/1996,11/19/1996,11/27/1996,?,0,
669,9528,9623,10/14/1996,11/25/1996,12/7/1996,2,0,
670,9420,9406,10/14/1996,12/9/1996,12/20/1996,3,3,
671,9547,9474,10/22/1996,1/10/1997,1/12/1997,0,0,
672,9606,9623,10/22/1996,12/2/1996,12/7/1996,2,0,
673,9568,9268,8/3/1996,,10/4/1996,2,2,
674,9641,9634,10/29/1996,12/17/1996,12/20/1996,0,0,
675,9421,9408,10/29/1996,12/9/1996,12/14/1996,2,2,
675,9654,9663,10/29/1996,1/3/1996,1/9/1997,3,2,
676,9238,9258,11/18/1996,12/30/1996,1/3/1997,0,0,
677,9429,9427,11/18/1996,3/25/1997,4/25/1997,0,0,
678,9568,9457,11/17/1996,,11/17/1996,0,0,
679,9631,9650,11/19/1996,,2/3/1997,2,0,
680,9568,9427,11/17/1996,12/8/1996,12/31/1996,2,2,Hand raised
681,9621,9576,11/22/1996,3/4/1997,3/6/1997,1,1,
682,9546,9543,12/2/1996,1/22/1997,1/25/1997,0,0,
683,9610,9632,12/2/1996,5/6/1997,,0,0,
684,9413,9428,12/9/1996,12/17/1996,,0,0,
685,9582,9623,12/9/1996,,1/23/1997,2,1,hand raised
686,9267,9123,12/17/1996,1/30/1997,1/30/1997,3,3,
687,9345,9418,12/17/1996,3/7/1997,3/18/1997,0,0,
688,9659,9660,?,12/17/1996,,,,
689,9455,1046,?,?,12/25/1996,3,3,
690,9641,9624,12/30/1996,2/14/1997,2/11/1997,2,2,
691,9264,9128,1/30/1997,1/30/1997,1/30/1997,2,2,
692,9568,9268,1/30/1997,,4/27/1997,3,3,
693,9413,9428,2/4/1997,3/26/1997,,,,fighting
694,9238,9258,2/4/1997,,3/20/1997,2,2,
695,9546,9543,2/24/1997,3/25/1997,3/31/1997,3,0,
696,9547,9474,2/14/1997,4/7/1997,4/17/1997,?,0,
697,9641,9624,2/11/1997,2/14/1997,3/27/1997,3,3,
698,9582,9632,1/23/1997,,,,,9623 dead
699,9455,9046,2/14/1997,3/25/1997,3/29/1997,3,3,
700,9420,9406,2/14/1997,5/12/1997,5/15/1997,2,2,
701,9421,9408,2/14/1997,3/31/1997,4/13/1997,2,1,
702,9578,9611,2/14/1997,3/25/1997,3/30/1997,2,2,
703,9606,9660,2/14/1997,4/7/1997,4/14/1997,2,0,
704,9582,9650,2/14/1997,6/25/1997,7/2/1997,2,2,
705,9657,9658,,,2/15/1997,2,0,
706,9657,9663,2/24/1997,3/25/1997,3/29/1997,1,1,Hand raised
707,9654,9615,3/7/1997,4/6/1997,4/20/1997,4,0,
708,9621,9576,3/10/1997,4/20/1997,4/24/1997,3,3,
709,9345,9414,3/25/1997,6/7/1997,6/12/1997,0,0,
710,9267,9123,3/25/1997,5/21/1997,5/30/1997,2,,
711,9547,9474,4/7/1997,11/3/1997,11/3/1997,2,0,
712,9472,9543,4/7/1997,6/10/1997,6/20/1997,2,2,
713,9692,9658,4/7/1997,8/8/1997,,,,re-pair
714,9614,9615,?,?,4/16/1997,3,0,
715,9614,9660,4/24/1997,,6/9/1997,?,0,
716,9654,9615,4/24/1997,,6/2/1997,3,3,
717,9606,9405,4/24/1997,6/5/1997,6/7/1997,2,1,
718,9238,9258,5/6/1997,6/16/1997,6/19/1997,0,0,
719,9641,9624,5/14/1997,,,,,9641 killed by caretaker (RIP)
720,9455,9046,5/14/1997,7/1/1997,7/4/1997,3,3,
722,9578,9611,5/30/1997,7/11/1997,7/12/1997,1,0,
723,9421,9408,5/30/1997,7/22/1997,8/4/1997,3,3,
724,9621,9576,6/5/1997,,7/21/1997,1,0,
725,9568,9268,6/7/1997,,6/10/1997,3,3,
726,9546,9543,6/10/1997,,8/5/1997,2,2,
727,9345,9414,6/16/1997,,8/20/1997,0,0,
728,9238,9258,6/23/1997,,9/5/1997,2,0,
729,9610,9632,?,7/1/1997,7/7/1997,2,2,
730,9420,9406,7/2/1997,,8/26/1997,2,2,
731,9267,9123,7/11/1997,11/13/1997,11/15/1997,1,0,
732,9657,9663,7/11/1997,8/8/1997,,,,9657 dead 
733,9578,9611,7/20/1997,8/26/1997,9/3/1997,3,3,
734,9654,9615,7/20/1997,8/2/1997,9/2/1997,3,3,
735,9606,9405,7/21/1997,9/2/1997,9/3/1997,2,2,
736,9627,9576,7/22/1997,,9/22/1997,2,2,
737,9413,9324,7/22/1997,9/6/1997,9/7/1997,2,2,
738,9568,9268,8/6/1997,,9/25/1997,3,3,
739,9412,9422,8/8/1997,10/27/1997,10/30/1997,1,0,
740,9581,9663,8/8/1997,,9/28/1997,3,3,
741,9692,9620,8/8/1997,,,,,re-pair
742,9657,9624,8/8/1997,,,,,9657 dead 
743,9614,9660,8/11/1997,,9/23/1997,2,2,moved
744,9582,9650,8/11/1997,10/27/1997,10/31/1997,3,3,
745,9610,9632,8/25/1997,12/20/1997,1/10/1998,2,2,
746,9345,9414,8/26/1997,10/8/1997,10/10/1997,2,0,
747,9238,9258,9/8/1997,10/13/1997,10/24/1997,2,2,
748,9455,9046,8/16/1997,10/7/1997,9/19/1997,3,3,
749,9697,9706,9/9/1997,11/11/1997,11/13/1997,1,0,
750,9614,9660,9/23/1997,11/11/1997,11/12/1997,2,0,cell culture from pups
,9546,9543,8/30/1997,,10/12/1997,2,1,
751,9420,9406,10/10/1997,11/18/1997,11/23/1997,3,3,
752,9429,9427,?,10/10/1997,10/1/1997,2,2,
753,9421,9408,9/15/1997,10/20/1997,11/1/1997,2,2,
754,9578,9611,10/15/1997,11/25/1997,11/29/1997,2,2,
755,9345,9414,10/15/1997,,1/15/1998,?,0,
,9606,9405,10/21/1997,,,,,fighting
,9413,9324,10/21/1997,11/25/1997,12/8/1997,2,2,
,9654,9615,10/27/1997,12/8/1997,12/10/1997,2,0,
,9238,9258,11/3/1997,12/23/1997,1/6/1998,1,0,
,9412,9422,11/3/1997,,1/22/1998,2,2,
,9568,9268,11/5/1997,,,,,
,9621,9576,11/10/1997,2/16/1998,2/20/1998,2,1,
,9581,9663,11/11/1997,1/7/1998,,,,
,9614,9660,11/24/1997,12/23/1997,,,,
,9267,9123,11/24/1997,12/23/1997,1/9/1998,2,1,
,9733,9726,11/24/1997,1/20/1998,1/25/1998,2,2,
,9421,9408,12/11/1997,1/29/1998,2/2/1998,3,3,
,9502,9650,12/11/1997,2/16/1998,3/1/1998,3,2,
,9546,9543,,,1/14/1998,1,0,
,9654,9615,12/17/1997,1/27/1998,3/21/1998,2,2,
,9568,9268,12/20/1997,2/2/1998,,,,
,9455,9046,?,1/6/1998,1/8/1998,2,2,
,9547,9759,1/5/1998,,,,,
,9238,9258,1/11/1998,,4/8/1998,2,0,
,9614,9600,1/11/1998,2/16/1998,3/1/1998,2,2,Hand raised
,9578,9611,1/11/1998,2/16/1998,2/23/1998,3,3,
,9345,9412,1/15/1998,4/17/1998,?,,,
,9413,9324,1/15/1998,2/27/1998,3/14/1998,2,2,
,9420,9406,1/22/1998,2/27/1998,3/7/1998,4,3,
,9546,9543,1/17/1998,stay in,2/27/1998,2,2,
,9581,9663,1/22/1998,,3/9/1998,2,1,
,9267,9123,2/3/1998,3/5/1998,3/15/1998,3,3,
,9654,9615,,,3/27/1998,2,2,
,9733,9726,2/5/1998,,3/22/1998,?,,
,9784,9788,2/16/1998,6/18/1998,6/11/1998,3,3,
,9610,9632,2/16/1998,4/12/1998,4/2/1998,3,3,
,9606,9660,2/16/1998,3/20/1998,4/1/1998,2,1,
,9455,9046,,4/18/2023,4/22/1998,3,3,
,9546,9543,2/27/1998,,,,,
,9568,9268,3/20/1998,4/25/1998,4/29/1998,3,3,
,9421,9408,3/20/1998,,7/8/1998,1,0,
PAGE 46,9733,9726,3/24/1998,,,,,re-pair
,9621,9576,4/6/1998,1/17/1999,1/26/1999,2,1,
,9345,9414,4/25/1998,9/4/1998,9/6/1998,0,0,
,9578,9611,4/6/1998,6/1/1998,6/1/1998,3,3,
,9804,9759,4/7/1998,5/20/1998,5/20/1998,2,2,
,9413,9324,4/17/1998,6/18/1998,6/26/1998,2,2,
,9420,9406,4/17/1998,6/1/1998,6/12/1998,3,3,
,9581,9663,4/17/1998,6/1/1998,6/12/1998,2,2,
,9238,9208,4/17/1998,,7/9/1998,3,0,
,9654,9615,5/4/1998,,,0,0,
,9267,9123,5/4/1998,9/23/1998,10/14/1998,1,1,
,9606,9660,5/15/1998,6/27/1998,6/27/1998,2,2,
,9610,9632,5/29/1998,7/9/1998,,,,
,9568,9268,,,6/12/1998,4,1,"pregnant from previous mate, 2 cell culture 1 eaten"
,9421,9408,7/8/1998,8/14/1998,8/16/1998,2,2,
,9733,9726,7/3/1998,,,?,0,
,9828,9726,7/17/1998,9/4/1998,9/7/1998,0,0,
,9455,9543,7/17/1998,9/4/1998,9/2/1998,3,3,
,9565,9268,7/17/1998,8/24/1998,9/2/1998,3,3,
,9578,9611,7/17/1998,8/24/1998,8/30/1998,3,3,
,9804,9620,7/30/1998,5/4/1999,,0,0,
,9610,9632,7/30/1998,12/17/1998,12/25/1998,0,0,
,9238,9258,7/30/1998,9/15/1998,,0,0,
,9654,9615,7/30/1998,9/4/1998,9/11/1998,3,2,
,9784,9788,,,9/11/1998,3,3,
,9581,9663,8/13/1998,10/29/1998,11/6/1998,?,0,
,9412,9324,8/13/1998,,,,,9413 died
,9420,9406,8/13/1998,10/2/1998,10/16/1998,3,1,
,9606,9660,8/20/1998,,10/17/1998,2,2,
,9582,9650,8/20/1998,9/23/1998,10/14/1998,3,3,
,9784,9788,9/1/1998,,,?,0,
,9345,9414,9/17/1998,,4/4/1999,1,1,Hand raised
,9829,9759,9/17/1998,,10/30/1998,2,0,
,9820,9726,9/17/1998,1/11/1999,1/20/1999,?,0,
,9238,9258,9/18/1998,,2/6/1999,?,0,
,9568,9611,10/12/1998,,11/28/1998,3,3,
,9578,9614,10/7/1998,12/23/1998,1/4/1999,2,2,
,9284,9788,10/15/1998,,11/30/1998,1,0,
,9546,9650,9/30/1998,,11/15/1998,1,1,Hand raised
,9606,9660,stayed,,11/14/1998,3,3,
,9455,9543,11/23/1998,12/29/1998,1/6/1999,2,2,
,9421,9408,11/12/1998,12/29/1998,1/3/1999,0,0,
,9654,9615,11/23/1998,12/29/1998,1/6/1999,0,0,
,9829,9759,11/23/1998,12/29/1998,1/6/1999,0,0,
,9865,9856,11/6/1998,12/29/1998,12/30/1998,1,0,
,9581,9663,11/12/1998,1/6/1999,1/8/1999,2,0,
,9546,9650,11/12/1998,,12/28/1998,2,2,
,9267,9123,11/12/1998,1/11/1999,,,,9267 dead
,9784,9788,11/30/1998,1/10/1999,1/22/1999,2,2,
,9578,9611,11/28/1998,11/30/1998,,,,
,9806,9405,12/2/1998,,,,,
,9420,9406,12/16/1998,,1/30/1999,3,3,
,9582,9650,12/17/1998,2/6/1999,?,,,
,9546,9660,1/1/1999,1/19/1999,,,,
,9610,9632,1/1/1999,,,,,9610 died
,9865,9856,1/11/1999,2/9/1999,2/24/1999,3,2,
,9421,9408,1/11/1999,2/9/1999,3/2/1999,2,2,
,9654,9615,1/11/1999,2/9/1999,2/25/1999,3,0,
,9581,9663,1/11/1999,2/7/1999,2/20/1999,2,2,Hand raised
,9829,9726,1/11/1998,,,,,re-pair
,9324,9692,1/11/1999,,,,,
,9578,9611,1/19/1999,2/22/1999,3/4/1999,3,2,
,9606,9660,1/19/1999,2/28/1999,3/4/1999,1,0,
,9828,9726,1/27/1999,,4/4/1999,0,0,
,9621,9576,1/27/1999,,3/12/1999,2,2,
,9238,9258,2/6/1999,,,,,9238 died
,9888,9878,2/9/1999,5/23/1999,5/26/1999,?,0,
,9568,9268,2/10/1999,3/15/1999,3/28/2009,?,0,
,9455,9543,2/18/1999,,4/3/1999,3,3,
,9692,9611,2/22/1999,4/30/1999,5/15/1999,1,,
,9546,9650,2/22/1999,,1/11/1999,3,1,Hand raised
,9581,9663,2/22/1999,4/15/1999,4/21/1999,?,0,
,9582,9632,3/2/1999,5/23/1999,6/3/1999,2,0,
,9654,9615,3/2/1999,5/4/1999,5/22/1999,0,0,
,9606,9414,3/12/1999,4/16/1999,4/25/1999,2,2,
,9828,frankie,4/7/1999,5/17/1999,,0,0,
,9420,9788,3/12/1999,,5/11/1999,2,1,
,9865,9856,4/7/1999,,5/23/1999,1,0,
,9420,9406,4/9/1999,5/17/1999,5/23/1999,3,3,
,9421,9408,4/9/1999,5/28/1999,6/4/1999,2,2,
,9345,9414,4/16/1999,6/21/1999,,,,re-pair
,9568,9268,4/16/1999,,,,,both died 
,9546,9660,4/16/1999,6/5/1999,6/15/1999,2,0,
,9578,9611,4/30/1999,6/2/1999,6/20/1999,2,2,
,9581,9663,4/30/1999,6/2/1999,6/22/1999,2,1,
,9621,9576,5/4/1999,6/2/1999,6/8/1999,0,0,
,9692,9661,5/22/1999,,,,,
,9828,frankie,5/23/1999,8/11/1999,8/21/1999,2,0,
,9654,9615,5/23/1999,,7/5/1999,3,3,
,9784,9788,5/11/1999,,5/27/1999,1,c,
,9692,964,5/21/1999,6/5/1999,,,,
,9804,9856,5/24/1999,6/30/1999,7/9/1999,3,3,
,9806,9632,5/24/1999,7/16/1999,,,,
,9923,9909,5/25/1999,8/23/1999,,,,
,9913,9908,5/25/1999,6/28/1999,7/9/1999,2,0,
,9921,9907,5/27/1999,9/3/1999,9/15/1999,3,0,
,9902,9759,5/25/1999,7/8/1999,9/15/1999,,,
,9582,9663,6/7/1999,7/18/1999,7/25/1999,1,0,
,9865,9138,6/7/1999,7/19/1999,,,,
,9455,9543,6/10/1999,7/19/1999,,,,3 dead pups c-sectioned
,9784,9788,6/21/1999,,8/5/1999,2,0,
,9606,9414,6/21/1999,7/23/1999,8/4/1999,1,0,
,9865,9611,6/21/1999,7/18/1999,,,,
,9546,9660,6/23/1999,7/29/1999,8/7/1999,1,0,
,9420,9406,6/28/1999,,,,,9420 died
,9621,9576,7/1/1999,9/10/1999,9/15/1999,2,0,
,9913,9908,7/13/1999,8/23/1999,9/1/1999,2,0,
,9926,9922,7/13/1999,9/15/1999,9/24/1999,2,2,
,9925,9650,7/13/1999,6/6/2000,,,,re-pair
,9421,9408,7/19/1999,8/27/1999,,,,re-pair
,9865,9856,7/23/1999,9/10/1999,9/19/1999,,,
,9902,9759,7/23/1999,8/30/1999,9/15/1999,1,1,
,9578,9611,8/5/1999,9/27/1999,,,,re-pair
,9879,9891,8/3/1999,8/29/1999,9/15/1999,2,0,
,9582,9663,7/26/1999,9/3/1999,9/8/1999,1,0,
,9784,9788,8/10/1999,9/20/1999,10/3/1999,1,1,
,9606,9414,8/16/1999,9/20/1999,10/1/1999,2,2,
,9546,9660,8/16/1999,12/1/1999,,,,9546 to DUKE
,9654,9615,8/16/1999,9/20/1999,9/29/1999,2,2,
,9804,9620,8/16/1999,1/5/2000,,,,
,9581,9632,8/16/1999,9/1/1999,9/8/1999,1,0,
,9910,9658,8/26/1999,11/21/1999,,,,9658 dead
,9828,frankie,8/26/1999,,10/8/1999,2,0,
,9923,9909,9/1/1999,,,,,re-pair
,9913,9908,9/2/1999,10/7/1999,10/15/1999,3,0,
,9421,9408,9/16/1999,10/29/1999,11/11/1999,,,
,9582,9663,9/20/1999,10/21/1999,11/18/1999,3,3,
,9870,9891,9/20/1999,10/27/1999,11/3/1999,1,0,
,9865,9856,9/23/1999,,11/6/1999,?,0,
,9921,9907,9/27/1999,11/16/1999,11/23/1999,3,3,
,9621,9576,10/8/1999,4/24/2000,4/27/2000,0,0,
,9581,9632,10/11/1999,11/21/1999,11/26/1999,1,1,
,9923,9908,10/18/1999,7/18/2000,,,,re-pair
,9938,9909,10/18/1999,6/6/2000,,,,re-pair
,9941,9920,10/18/1999,11/29/1999,12/1/1999,2,2,
,9942,9919,10/18/1999,11/29/1999,12/1/1999,1,1,Hand raised
,9945,9532,10/18/1999,11/30/1999,12/15/1999,2,2,
,9946,9914,10/18/1999,11/16/1999,,,,
,9578,9611,10/18/1999,12/25/1999,12/30/1999,2,2,
,9913,9901,10/18/1999,12/22/1999,12/26/1999,1,0,
,9902,9759,10/29/1999,,12/13/1999,?,0,
,9865,9856,11/7/1999,12/8/1999,12/11/1999,1,1,
,9926,9922,11/8/1999,12/15/1999,12/21/1999,3,3,
,9828,9726,11/9/1999,,,,,9828 to duke
,9654,9615,11/11/1999,12/22/1999,12/26/1999,2,2,
,9606,9414,11/18/1999,12/22/1999,1/1/2000,0,0,
,9946,9914,11/30/1999,1/27/2000,2/5/2000,2,0,
,9910,9924,12/2/1999,1/11/2000,1/16/2000,3,3,
,9804,9620,12/15/1999,2/26/2000,,,,re-pair
,9902,9759,12/15/1999,1/22/2000,1/29/2000,3,3,
,9888,9878,12/27/1999,2/3/2000,2/8/2000,4,4,
,9581,9632,1/3/2000,2/12/2000,2/17/2000,1,1,
,9913,9901,1/3/2000,,,,,9913 died
,9582,9663,1/4/2000,2/14/2000,,,,9582 died
,9921,9907,1/4/2000,3/11/2000,3/11/2000,2,2,
,9921,9907,,,4/23/2000,3,3,
,9606,9414,1/12/2000,2/14/2000,2/24/2000,2,2,
,9941,9920,1/19/2000,2/21/2000,3/5/2000,1,1,
,9865,9856,1/19/2000,2/28/2000,3/4/2000,2,2,
,9942,9919,1/9/2000,2/21/2000,2/20/2000,2,0,
,9784,9788,1/6/2000,1/22/2000,1/6/2000,2,2,
,9784,9788,,,3/5/2000,4,4,
,9926,9922,2/2/2000,3/11/2000,3/17/2000,4,4,
,9654,9615,2/8/2000,3/19/2000,4/5/2000,3,3,
,9945,9953,2/8/2000,3/24/2000,4/2/2000,3,3,
,9578,9611,2/14/2000,3/29/2000,4/10/2000,1,0,
,9946,9914,2/14/2000,7/24/2000,8/3/2000,1,0,
,9956,9891,2/18/2000,6/13/2000,6/24/2000,0,0,
,9942,9919,2/22/2000,,4/3/2000,3,3,
,9606,9414,3/9/2000,4/16/2000,4/23/2000,0,0,
,9910,9924,3/9/2000,4/21/2000,4/24/2000,3,3,
,9941,9920,3/27/2000,5/10/2000,5/11/2000,0,0,
,9902,9759,4/10/2000,5/22/2000,5/31/2000,3,3,
,9950,9660,4/11/2000,5/32/00,6/1/2000,2,2,
,9957,9901,4/11/2000,5/23/2000,6/1/2000,3,3,
,9888,9878,4/21/2000,6/5/2000,6/21/2000,3,3,
,9581,9631,4/24/2000,6/5/2000,6/10/2000,0,0,
,9865,9856,4/27/2000,6/12/2001,,,,
,9926,9922,5/8/2000,6/13/2000,6/23/2000,2,2,
,9784,9788,5/8/2000,8/21/2000,8/30/2000,2,2,
,9654,9615,5/22/2000,6/27/2000,7/5/2000,3,3,
,9942,9919,5/22/2000,8/7/2000,8/16/2000,3,2,
,9621,9576,6/5/2000,8/2/2000,8/19/2000,2,1,
,9578,9611,6/5/2000,7/24/2000,8/600,3,3,
,9606,9414,6/5/2000,7/18/2000,7/20/2000,?,0,
,9925,9660,6/6/2000,11/10/2000,,,,
,1,9901,6/6/2000,7/31/2000,8/16/2000,0,0,
,9938,9726,6/6/2000,8/7/2000,8/11/2000,0,0,
,9421,9408,11/11/1999,6/18/2000,6/25/2000,1,1,
,9910,9924,6/28/2000,8/4/2000,8/11/2000,2,2,
,9945,9543,6/28/2000,8/25/2000,9/3/2000,3,3,
,9941,9920,7/18/2000,,,,,9941 dead
,9923,9624,7/18/2000,1/3/2001,,,,
,9902,9759,7/19/2000,8/21/2000,9/22/2000,3,3,
,9953,9891,7/24/2000,9/5/2000,9/12/2000,3,3,
,9921,9907,7/26/2000,9/5/2000,9/11/2000,?,0,
,9957,9914,7/28/2000,9/7/2000,,,,
,9950,9908,8/2/2000,9/12/2000,9/15/2000,2,2,
,9926,9922,8/20/2000,9/28/2000,10/4/2000,3,3,
,9888,9878,8/30/2000,10/11/2000,10/14/2000,2,0,
,9581,9632,9/7/2000,10/19/2000,11/3/2000,2,1,
,9938,9726,9/12/2000,10/23/2000,10/29/2000,2,2,
,9946,9914,9/12/2000,10/23/2000,10/25/2000,1,0,
,9578,9611,9/15/2000,10/11/2000,,,,
,9942,9920,9/25/2000,11/6/2000,11/15/2000,1,0,
,9621,9576,9/30/2000,11/10/2000,11/16/2000,3,0,
,9957,9914,10/23/2000,1/24/2001,,,,
,9654,9615,10/23/2000,2/15/2001,3/29/2001,?,0,
,9578,9611,11/3/2000,,,,,
,9421,9408,10/26/2000,,,,,9421 dead
,9784,9788,11/1/2000,12/14/2000,12/25/2000,1,0,
,9910,9924,11/6/2000,12/17/2000,12/19/2000,3,3,
,9945,9541,11/13/2000,2/9/2001,2/18/2001,2,2,
,9578,9611,11/13/2000,12/4/2000,12/7/2000,3,3,
,9621,9576,11/16/2000,2/2/2001,2/9/2001,3,3,
,1,9901,11/29/2000,2/26/2001,2/28/0`,2,2,
,9921,9907,12/14/2000,3/13/2001,3/26/2001,3,3,
,9953,9891,12/14/2000,3/9/2001,3/19/2001,3,3,
,9581,9632,2/2/2001,2/15/2001,,,,
,9902,9759,2/2/2001,4/27/2001,5/3/2001,2,2,
,9950,9908,2/19/2001,5/901,5/15/2001,2,2,
,9926,9922,2/19/2001,4/8/2001,4/20/2001,2,2,
,9888,9878,2/26/2001,4/8/2001,4/12/2001,1,0,
,9784,9788,2/26/2001,6/20/2001,6/26/2001,3,3,
,9910,9924,2/26/2001,4/8/2001,4/12/2001,1,0,
,9578,9611,3/2/2001,4/23/2001,5/2/2001,2,2,
,9938,9726,3/2/2001,4/17/2001,5/3/2001,3,3,
,9942,9920,3/2/2001,,,,,
,9957,9914,3/5/2001,12/4/2002,12/9/2002,?,0,
,9621,9576,4/17/2001,7/10/2001,7/22/2001,1,1,
,9945,9543,4/17/2002,5/30/2001,6/3/2001,0,0,
,1,9909,5/4/2001,10/2/2001,10/12/2001,3,3,
 PG 86,9953,9891,5/4/2001,6/17/2001,6/24/2001,2,2,
,9578,9611,6/7/2001,7/30/2001,8/3/2001,0,0,
,9654,9615,6/20/2001,11/19/2001,11/20/2001,2,0,
,9902,9759,7/16/2001,9/2/2001,9/7/2001,3,3,
,9910,9924,7/30/2001,9/14/2001,9/23/2001,3,3,
,9926,9922,7/30/2001,9/17/2001,9/25/2001,3,1,
,9945,9543,8/24/2001,11/13/2001,11/24/2001,2,2,
,9888,9878,8/24/2001,10/9/2001,10/17/2001,1,1,
,9921,9907,8/24/2001,10/10/2001,10/19/2001,3,3,
,9950,9908,8/24/2001,,2/4/2002,2,2,
,119,125,8/29/2001,,,,,
,109,122,8/29/2001,,12/2/2001,?,0,
,9938,9919,8/29/2001,,,,,
,9784,9788,8/29/2001,2/6/2002,,,,
,9621,9576,8/29/2001,11/1/2001,11/5/2001,?,0,
,9578,9611,9/14/2001,11/9/2001,11/19/2001,3,1,
,9953,9891,9/14/2001,10/29/2001,11/4/2001,3,3,
,117,123,10/8/2001,2/22/2002,2/28/2002,1,0,
,9902,9750,10/29/2001,12/6/2001,12/11/2001,3,3,
,9910,924,11/7/2001,12/16/2001,12/20/2001,3,3,
,9926,9922,11/7/2001,12/16/2001,12/23/2001,2,1,
,9621,9576,11/20/2001,4/19/2002,4/26/2002,0,0,
,9654,9615,11/28/2001,,,,,9654 sac
,1,9909,11/28/2001,1/4/2002,1/10/2002,3,3,
,109,122,12/2/2001,1/14/2002,1/27/2002,3,3,
,9888,9878,12/6/2001,,,?,0,
,9921,9907,12/6/2001,,1/18/2002,2,2,
,9953,9891,12/18/2001,2/1/2002,2/6/2002,2,2,
,9978,9977,,12/18/2001,12/24/2001,3,3,
,131,9726,1/2/2002,3/26/2002,4/1/2002,1,0,
,116,141,1/2/2002,2/25/2002,3/5/2002,3,3,
,9578,9611,1/4/2002,2/15/2002,3/2/2002,2,2,
,9945,9543,1/4/2002,2/25/2002,3/11/2002,3,2,
,9892,9897,,1/16/2002,1/18/2002,2,2,
,143,142,1/16/2002,3/1/2002,4/7/2002,2,0,
,9910,9924,2/1/2002,5/17/2002,5/26/2002,2,2,
,9902,9759,2/4/2002,3/15/2002,3/24/2002,3,3,
,9926,9922,2/4/2002,3/15/2002,3/21/2002,3,3,
,9978,9977,2/4/2002,6/4/2002,,0,0,
,9938,9919,2/25/2002,,,,,9938 sac
,9784,9788,2/25/2002,8/14/2002,8/17/2002,1,0,
,9581,9632,2/27/2002,,,,,
,1,9909,2/28/2001,6/22/2002,6/28/2002,2,2,
,117,123,3/6/2002,4/4/2002,4/22/2002,3,3,
,9892,9897,3/6/2002,,5/4/2002,3,2,
,9921,9907,3/13/2002,5/2/2002,5/14/2002,2,2,
,109,122,3/15/2002,4/19/2002,4/27/2002,4,4,
,9953,9891,3/18/2002,4/29/2002,5/9/2002,3,3,
,9950,9908,3/18/2002,4/29/2002,5/3/2002,3,3,
,203,146,3/25/2002,12/4/2002,12/9/2002,3,3,
,131,9726,4/2/2002,5/17/2002,5/26/2002,2,2,
,154,201,4/3/2002,9/18/2002,9/22/2002,0,0,
,213,161,4/3/2002,7/3/2002,,0,0,
,212,123,4/4/2002,12/1/2002,12/4/2002,?,0,
,127,9919,4/4/2002,4/12/2002,,,,
,202,125,4/9/2002,9/1/2002,,,,
,119,145,4/4/2002,5/14/2002,,,,
,143,142,4/10/2002,8/14/2002,8/20/2002,2,2,
,9578,9611,4/22/2002,6/19/2002,,,,9578 sac
,116,141,4/26/2002,6/12/2002,6/18/2002,3,3,
,9922,9926,5/17/2002,,,,,
,9945,9543,5/17/2002,8/26/2002,,,,
,9902,9759,5/17/2002,7/5/2002,7/13/2002,3,3,
,117,9919,6/4/2002,7/25/2002,7/31/2002,3,3,
,119,145,6/4/2002,7/11/2002,7/18/2002,2,2,
,9926,9922,4/30/2002,7/3/2002,7/13/2002,2,1,
,9888,9878,6/13/2002,7/5/2002,7/13/2002,3,3,
,9921,9907,6/19/2002,9/18/2002,9/25/2002,1,0,
,109,122,6/19/2002,9/18/2002,9/18/2002,3,3,
,9950,9908,7/3/2002,,,,,9950 dead
,9621,9576,6/19/2002,,,,,both sacced
,213,161,7/11/2002,9/10/2002,9/16/2002,,,213 died
,116,141,8/1/2002,9/6/2002,9/16/2002,4,4,
,1,9909,8/5/2002,10/2/2002,10/10/2002,2,2,
,248,241,8/20/2002,6/5/2003,,,,
,227,228,8/20/2002,12/20/2002,12/30/2002,3,3,
,9926,9922,8/20/2002,9/27/2002,10/7/2002,0,0,
,9953,9891,8/20/2002,10/3/2002,10/11/2002,2,2,
,131,9924,8/20/2002,9/30/2002,10/5/2002,2,2,
,9978,9977,8/21/2002,,,,,
,9902,9759,8/21/2002,9/24/2002,10/10/2002,2,0,
,119,145,8/22/2002,9/27/2002,10/11/2002,3,3,
,9784,9788,9/6/2002,10/9/2002,3/7/2003,,,
,9888,9878,9/6/2002,12/4/2002,12/11/2002,3,3,
,9945,9543,9/6/2002,9/12/2002,9/24/2002,2,2,
,9892,9897,5/4/2002,10/17/2002,11/1/2002,2,2,
,164,223,9/6/2002,10/16/2002,10/29/2002,3,3,
,165,226,9/6/2002,10/16/2002,10/24/2002,,,
,202,125,9/24/2002,12/14/2002,12/22/2002,0,0,
,117,9919,9/24/2002,11/23/2002,11/26/2002,3,3,
,213,161,9/27/2002,10/17/2002,,2,2,
,143,142,9/30/2002,11/5/2002,11/15/2002,2,2,
,154,201,10/8/2002,11/5/2002,11/15/2002,,,
,9921,9907,10/8/2002,12/3/2002,?,2,1,
,9910,9924,10/8/2002,,,,,
,259,247,10/28/2002,12/22/2002,12/27/2002,1,0,
,9902,9759,10/28/2002,,12/17/2002,3,3,
,165,226,11/15/2002,1/5/2003,1/9/2003,?,0,
,119,145,11/15/2002,12/29/2002,12/30/2002,3,3,
,9953,9891,11/18/2002,1/5/2003,1/6/2003,2,2,
,116,142,11/26/2002,1/7/2003,1/31/2003,0,0,
,9945,9543,11/16/2002,?,12/30/2002,0,0,
,109,122,9/18/2002,,11/5/2002,4,4,
,9921,9907,,12/3/2002,12/3/2002,?,1,
,9926,9922,12/4/2002,1/29/2003,1/29/2003,3,3,
,1,9909,12/4/2002,1/20/2003,1/30/2003,3,3,
,212,6,12/6/2002,1/23/2003,1/29/2003,0,0,
,164,223,12/29/2002,5/14/2003,?,0,0,
,154,201,12/29/2002,2/8/2003,2/10/2003,0,0,
,202,125,12/30/2003,4/4/2003,,,,
,9957,9914,1/2/2003,5/2/2003,6/4/2003,,,
,109,122,1/5/2003,2/20/2003,2/27/2003,3,3,
,9921,9907,12/3/2002,,1/5/2003,3,0,
,131,9924,1/6/2003,3/31/2003,,3,3,
,9910,9611,1/6/2003,2/20/2003,2/26/2003,3,3,
,9945,9543,1/7/2003,1/20/2003,,,,
,116,141,1/7/2003,1/30/2003,,,,re-pair
,9888,9878,1/23/2003,3/7/2003,3/16/2003,4,4,
,143,142,1/29/2003,4/4/2003,4/22/2003,3,3,
,203,146,1/29/2003,,5/12/2003,2,2,
,212,123,1/30/2003,3/11/2003,3/17/2003,2,2,
,116,141,2/8/2003,,3/23/2003,2,2,
,154,201,2/14/2003,,3/30/2003,0,0,
,9902,9759,2/20/2003,4/4/2003,4/15/2003,2,2,
,220,222,2/20/2003,3/31/2003,4/2/2003,3,0,
,165,226,2/20/2003,3/31/2003,,,,
,892,9897,3/3/2003,,,,,given to woody
,119,145,3/12/2003,6/11/2003,6/22/2003,2,2,
,9945,9543,3/31/2003,,,,,9945 died
,9784,9788,4/4/2003,5/29/2003,6/4/2003,,,
,61,9909,4/4/2003,,5/24/2003,,,
,9926,9922,4/7/2003,5/22/2003,5/24/2003,,,
,109,122,4/10/2003,5/15/2003,5/20/2003,4,4,
,9910,9611,4/11/2003,1/9/2004,,,,
,154,201,4/12/2004,5/23/2003,5/25/2003,,,
,220,222,4/24/2003,5/30/2003,6/3/2003,3,0,
,212,123,4/25/2003,6/1/2003,6/8/2003,4,4,
,202,125,5/15/2003,12/29/2003,1/4/2004,,,
,116,141,5/23/2003,6/28/2003,7/5/2003,3,3,
,203,146,5/12/2003,5/26/2003,6/20/2003,3,3,
,1,9909,5/29/2003,,7/3/2003,2,2,
,9902,9759,5/29/2003,,,,,9759 dead
,131,9924,5/29/2003,7/3/2003,7/7/2003,3,3,
,165,226,5/29/2003,7/3/2003,7/18/2003,3,1,
,9888,9878,6/5/2003,8/8/2003,,2,2,
,2101,241,6/5/2003,12/30/2003,1/5/2004,3,3,
pg 110,248,263,6/5/2003,10/8/2003,10/19/2003,,,248 died
,164,223,6/11/2003,8/13/2003,8/20/2003,0,0,
,9957,9914,6/13/2003,11/12/2003,,,,9914 died
,9953,9891,?,6/18/2003,6/18/2003,2,2,
,1,9909,7/3/2003,,9/7/2003,?,0,
,143,142,?,2/18/2003,,0,0,
,220,222,8/12/2003,9/22/2003,9/25/2003,1,1,
,119,145,8/13/2003,10/3/2003,10/31/2003,3,2,
,143,142,8/18/2003,1/23/2004,2/6/2004,3,3,
,227,228,8/18/2003,,10/2/2003,0,0,
,1,9909,9/3/2003,12/6/2003,12/14/2003,3,3,
,164,223,9/11/2003,10/29/2003,,0,0,
,109,122,9/22/2003,11/11/2003,11/16/2003,2,2,
,9926,9922,9/24/2003,11/21/2003,11/23/2003,?,0,
,165,226,9/25/2003,11/8/2003,11/16/2003,3,3,
,9953,9891,9/25/2003,,11/30/2003,3,3,
,116,141,10/8/2003,1/5/2004,1/9/2004,?,0,
,9921,9907,10/10/2003,1/5/2004,1/9/2004,?,0,
,137,9924,10/29/2003,12/17/2003,12/28/2003,1,0,
,9888,9878,10/29/2003,,,,,9878 SAC
,220,222,12/4/2003,1/9/2004,1/12/2004,?,0,
,9926,9922,12/23/2003,,,,,SAC BOTH
,154,201,?,,12/23/2003,?,0,
,259,247,12/29/2003,2/13/2004,2/15/2003,3,3,
,116,141,12/29/2003,,,,,116 DEAD
,154,201,12/29/2003,2/5/2004,2/11/2004,0,0,
,212,123,12/29/2003,2/27/2004,3/2/2004,3,3,
,227,228,12/30/2003,2/2/2004,2/9/2004,0,0,
,9953,9891,,,1/7/2004,3,3,
,9957,9908,1/4/2004,,,,,SAC BOTH
,164,223,1/23/2004,3/10/2004,?,0,0,
,203,146,1/23/2004,3/21/2004,3/30/2004,?,0,
,202,125,1/23/2004,3/4/2004,3/21/2004,?,0,
,119,145,1/29/2004,3/29/2003,4/5/2004,1,1,
,9910,9611,2/12/2004,,,,,9910 SAC
,165,226,2/12/2004,3/29/2004,4/7/2004,2,2,
,109,122,2/13/2004,4/16/2004,4/21/2004,1,1,
,220,222,2/5/2004,4/18/2004,4/19/2004,2,2,
,131,9924,3/18/2004,,,,,131 SAC
,259,,,,3/28/2004,?,0,no mate/immaculate conception?
,362,247,3/29/2004,5/5/2004,,,,
,2101,241,3/28/2004,1/24/2005,,,,
,1,9909,3/28/2004,7/12/2004,7/23/2004,0,0,
,212,123,4/16/2004,5/21/2004,5/27/2004,3,3,
,9921,9907,4/16/2004,,7/15/2004,1,1,
,143,142,5/5/2004,6/13/2004,6/17/2004,?,0,
,259,263,5/5/2004,,,,,re-pair
,,9543,,,,,,Spy died 5/10/04 
,154,201,5/10/2004,7/2/2004,7/7/2004,?,0,
,165,226,5/10/2004,6/15/2004,6/25/2004,3,3,
,203,146,5/10/2004,6/29/2004,7/4/2004,?,0,
,164,223,5/10/2004,6/29/2004,?,,,
,202,125,5/13/2004,,,,,
,9888,9922,5/13/2004,,,,,
,227,228,5/13/2004,6/15/2004,6/24/2004,,,
,9953,9891,5/13/2004,6/25/2004,7/6/2004,2,2,
,362,247,6/21/2004,8/1/2004,8/4/2004,2,2,
,109,122,6/21/2004,9/10/2004,9/19/2004,2,2,
,143,142,6/21/2004,8/1/2004,8/5/2004,0,0,
,220,222,6/21/2004,7/25/2004,8/3/2004,1,1,
,119,145,6/21/2004,10/11/2004,10/21/2004,2,2,
,154,201,7/16/2004,8/25/2004,8/29/2004,0,0,
,203,146,7/16/2004,12/9/2004,12/20/2004,?,0,
,227,228,7/16/2004,8/16/2004,8/26/2004,0,0,
,212,123,7/16/2004,8/25/2004,8/29/2004,0,0,
,9953,9891,8/12/2004,9/15/2004,10/1/2004,1,1,
,1,9909,8/12/2004,10/14/2004,10/27/2004,3,3,
,164,223,8/12/2004,7/15/2004,,,,
,143,142,8/16/2004,9/24/2004,9/28/2004,?,0,
,412,417,,,,,,re-pair
,416,413,8/16/2004,10/15/2004,11/4/2004,2,2,
,414,417,8/24/2004,10/14/2004,10/15/2004,?,0,
,154,201,9/3/2004,10/12/2004,10/16/2004,2,1,hand-raised
,227,228,9/3/2004,10/12/2004,10/16/2004,2,2,hand-raised
,362,247,9/10/2004,,10/25/2004,1,0,
,259,141,9/20/2004,12/9/2004,,,,
,423,411,9/20/2004,2/25/2005,,,,re-pair
,220,222,9/30/2004,12/2/2004,12/15/2004,2,0,
,164,223,9/30/2004,,,,,
,143,123,,,8/29/2004,2,2,
,212,123,10/11/2004,12/20/2004,12/25/2004,1,1,
,9926,9922,10/11/2004,,,,,"SAC BOTH, hand-raised pups"
pg 128,9888,9924,,,,,,re-pair
,165,226,?,10/15/2004,10/23/2004,2,2,
,227,228,10/17/2004,12/15/2004,12/24/2004,2,2,hand-raised
,154,201,10/17/2004,11/19/2004,11/28/2004,?,0,
,109,122,10/26/2004,12/22/2004,12/29/2004,4,4,
,414,417,10/26/2004,12/3/2004,12/7/2004,2,?,
,362,247,11/5/2004,12/14/2004,12/18/2004,0,0,
,9953,9891,11/5/2004,12/15/2004,12/23/2004,3,3,
,143,142,11/22/2004,12/30/2004,1/5/2005,?,0,
,428,432,11/22/2004,1/5/2005,1/18/2005,1,0,
,429,427,11/22/2004,2/16/2005,2/22/2005,3,3,
,154,201,12/3/2004,1/13/2005,1/16/2005,?,0,
,165,226,12/3/2004,1/14/2005,1/26/2005,3,3,
,119,145,12/10/2004,12/18/2004,1/26/2005,2,2,
,414,417,12/13/2004,,2/1/2005,?,0,
,431,412,12/15/2004,2/4/2005,2/6/2005,1,0,
,416,413,12/21/2004,2/1/2005,2/12/2005,3,3,
,259,141,12/22/2004,1/13/2005,1/16/2005,?,0,
,1,9909,12/22/2004,4/8/2005,4/12/2005,1,1,
,203,146,12/22/2004,3/21/2005,3/25/2005,3,0,
,362,247,12/29/2004,2/16/2005,2/21/2005,?,0,
,143,142,1/13/2005,2/9/2005,,,,re-pair
,154,201,1/20/2005,,3/4/2005,0,0,
,428,432,1/21/2005,3/10/2005,3/15/2005,?,0,
,227,228,12/24/2004,,2/6/2005,?,0,
,220,222,12/20/2004,1/31/2005,2/1/2005,2,2,
,212,123,1/31/2005,3/10/2005,3/18/2005,?,0,
,2101,241,1/31/2005,,,,,sac both
,436,437,12/15/2004,12/20/2004,,,,re-pair
,442,410,1/31/2005,,,,,died from dehydration
,414,417,2/1/2005,,3/30/2005,?,0,
,227,228,2/6/2005,,4/9/2005,1,,
,431,412,2/11/2005,,4/2/2005,2,0,
,9953,9891,2/16/2005,3/31/2005,4/5/2005,3,3,
,9921,?,,2/16/2005,2/19/2005,1,1,immaculate conception
,109,122,2/25/2005,4/8/2005,4/12/2005,2,2,
,362,247,2/25/2005,4/12/2005,4/18/2005,?,0,
,444,411,2/25/2005,4/22/2005,5/4/2005,2,0,
,440,413,2/25/2005,4/25/2005,5/2/2005,2,2,
,439,417,2/25/2005,5/18/2005,5/23/2005,?,0,
,438,441,2/25/2005,4/13/2005,4/21/2005,1,0,
,119,145,2/28/2005,4/29/2005,5/14/2005,1,0,
,423,424,3/1/2005,,3/15/2005,1,0,
,447,425,3/1/2005,,,,,re-pair
,165,226,3/8/2005,4/20/2005,5/6/2005,3,3,
,143,142,3/8/2005,4/22/2005,4/25/2005,?,0,
,414,426,3/8/2005,,,,,
,220,222,3/10/2005,6/7/2005,6/7/2005,?,1,
,416,443,3/21/2005,4/29/2005,5/5/2005,4,4,
,423,424,3/21/2005,4/22/2005,4/27/2005,?,0,
,428,432,3/21/2005,4/29/2005,5/5/2005,?,0,
,203,146,3/25/2005,6/13/2005,6/22/2005,2,1,
,429,427,4/2/2005,5/11/2005,5/16/2005,2,0,
,431,412,4/2/2005,6/21/2005,6/27/2005,?,0,
,414,426,3/30/2005,5/23/2005,5/28/2005,?,0,
,227,228,2/6/2005,,4/9/2005,2,1,
,154,201,3/4/2005,,4/26/2005,0,0,
,227,228,4/9/2005,,5/22/2005,0,0,
,154,201,3/4/2005,,4/26/2005,0,0,
,227,228,4/9/2005,,5/22/2005,0,0,
,362,247,4/22/2005,6/2/2005,6/12/2005,?,0,
140,438,441,4/25/2005,6/8/2005,6/12/2005,?,0,
,154,201,4/26/2005,,6/8/2005,3,3,hand-raised
,212,123,,5/4/2005,5/8/2005,2,0,
,423,124,5/4/2005,6/14/2005,6/21/2005,?,0,
,444,411,5/9/2005,6/30/2005,7/3/2005,5,0,
,9953,9891,5/10/2005,6/30/2005,,,,re-pair
,502,458,5/10/2005,6/21/2005,6/23/2005,2,0,
,459,455,5/10/2005,6/21/2005,7/5/2005,2,0,
,143,142,5/11/2005,6/21/2005,7/5/2005,2,0,
,428,432,5/13/2005,6/21/2005,6/27/2005,?,0,
,109,122,5/17/2005,7/9/2005,7/20/2005,4,4,
,429,427,5/20/2005,6/28/2005,7/1/2005,3,3,
,119,145,5/23/2005,,11/15/2005,1,1,black nest box
,507,501,5/24/2005,7/5/2005,7/15/2005,1,0,
,1,9909,5/24/2005,1/6/2006,1/9/2006,?,0,
,439,417,5/26/2005,7/20/2005,7/21/2005,?,0,
,154,201,6/8/2005,7/18/2005,7/21/2005,?,0,
,440,413,6/13/2005,8/14/2005,8/29/2005,?,0,
,165,226,6/14/2005,8/14/2005,9/1/2005,2,2,
,362,247,6/14/2005,8/1/2005,8/5/2005,2,2,
,212,123,6/21/2005,9/1/2005,9/12/2005,?,0,
,416,443,6/21/2005,10/11/2005,10/12/2005,1,0,
,438,441,6/21/2005,7/29/2005,8/2/2005,?,0,
,423,424,6/21/2005,7/29/2005,8/1/2005,?,0,
,203,146,6/22/2005,3/21/2006,3/21/2006,?,0,
,227,228,5/22/2005,6/28/2005,7/3/2005,?,0,
,457,512,6/28/2005,8/8/2005,8/10/2005,3,0,
,428,431,6/28/2005,8/3/2005,8/10/2005,?,0,
,514,508,6/28/2005,3/17/2006,,,,508 DIED
,502,458,6/28/2005,8/25/2005,8/29/2005,3,1,hand-raised
,143,142,6/30/2005,8/10/2005,8/12/2005,1,1,
,431,412,7/3/2005,8/14/2005,8/16/2005,5,0,
,459,455,7/11/2005,8/22/2005,8/26/2005,,,
148,444,411,7/11/2005,8/28/2005,8/23/2005,2,?,
,220,222,6/6/2005,,7/20/2005,3,2,
,515,511,7/14/2005,,,,,
,517,509,7/15/2005,9/9/2005,9/18/2005,3,3,
,507,501,7/18/2005,10/30/2005,11/3/2005,?,0,
,227,228,7/20/2005,9/16/2005,9/22/2005,?,0,
,154,207,7/29/2005,,9/10/2005,?,0,
,429,427,8/5/2005,9/16/2005,9/17/2005,2,2,
,9953,9891,8/8/2005,10/9/2005,10/18/2005,?,0,
,519,516,8/9/2005,1/17/2006,1/23/2006,2,2,
,423,424,8/15/2005,,,,,sac both
,438,441,8/14/2005,9/22/2005,9/26/2005,?,0,
,428,432,8/22/2005,10/3/2005,10/6/2005,?,0,sac 428
,457,512,8/23/2005,10/3/2005,10/6/2005,2,2,
,444,411,8/25/2005,10/12/2005,10/17/2005,?,0,
,439,417,8/31/2005,10/9/2005,10/14/2005,?,0,
,431,412,9/1/2005,9/22/2005,10/16/2005,?,0,431 out
,440,413,9/1/2005,12/19/2005,12/26/2005,?,0,
,109,122,9/2/2005,10/21/2005,10/26/2005,2,2,
,362,247,9/9/2005,10/19/2005,10/23/2005,2,2,
,502,458,9/14/2005,11/11/2005,11/13/2005,?,0,
,143,142,9/16/2005,10/23/2005,10/31/2005,?,0,
,212,123,9/16/2005,11/19/2005,11/22/2005,?,0,
,220,222,9/16/2005,2/15/2006,2/16/2005,0,0,
,447,532,9/22/2005,,,,,pair moved
,534,533,9/22/2005,11/4/2005,11/14/2005,2,2,
,535,412,9/22/2005,12/22/2005,12/23/2005,1,1,
,438,441,10/3/2005,,11/18/2005,,,SAC438
,227,228,10/3/2005,,11/16/2005,,,
,154,201,9/10/2005,,11/6/2005,?,0,
,165,226,10/10/2005,3/3/2006,3/14/2006,3,3,
,459,455,10/11/2005,11/28/2005,12/4/2005,2,2,
,416,443,10/13/2005,3/3/2006,3/7/2006,1,1,
,517,509,10/21/2005,,,,,sac both
,429,427,10/21/2005,12/2/2005,12/4/2005,2,2,
,439,417,10/21/2005,11/28/2005,12/4/2005,?,0,
,444,411,10/24/2005,12/6/2005,12/7/2005,?,0,
,9953,9891,11/3/2005,12/29/2005,12/30/2005,?,0,
,457,512,11/9/2005,12/19/2005,12/22/2005,2,1,
,507,501,11/9/2005,,12/29/2005,2,0,
,154,201,11/6/2005,,12/19/2005,0,0,
,362,247,12/1/2005,1/9/2006,1/13/2006,2,0,
,544,537,12/1/2005,5/8/2008,,,,sac 544
,212,123,12/2/2005,1/12/2006,1/16/2006,?,0,
,553,536,12/6/2005,1/20/2006,1/24/2006,3,3,
,443,142,11/12/2005,12/22/2005,12/28/2005,?,0,
,109,122,12/12/2005,1/27/2006,2/3/2006,4,4,
,444,411,12/12/2005,1/23/2006,1/26/2006,2,?,
,227,228,11/16/2005,,1/28/2006,?,0,
,555,550,12/20/2005,2/1/2006,2/3/2006,?,0,
,119,145,12/20/2005,,,,,sac both
,558,441,12/21/2005,5/11/2006,5/17/2006,2,2,
,154,201,12/19/2005,,,,,
,436,132,12/22/2005,,,,,re-pair
,502,458,11/23/2005,,1/4/2006,?,0,
,143,142,12/29/2005,2/8/2006,2/11/2006,,,sac both
,502,458,1/4/2006,2/13/2006,2/15/2006,?,0,
,9953,9891,1/6/2006,,,,,sac both
,440,413,1/9/2006,,,,,ship both
,534,533,1/9/2006,2/17/2006,2/22/2006,?,0,
,459,455,1/10/2006,2/24/2006,3/4/2006,3,3,
,429,427,1/13/2006,2/22/2006,2/26/2006,2,1,
,1,9909,1/17/2006,,,,,sac both
,362,247,1/20/2006,2/28/2006,3/5/2006,2,2,
,259,141,1/23/2006,,,,,sac both
,444,411,1/27/2006,,3/21/2006,3,2,hand-raised
,457,512,1/30/2006,3/10/2006,3/13/2006,3,3,
,439,417,2/1/2006,,4/20/2006,?,0,
,212,123,2/1/2006,3/15/2006,3/31/2006,?,0,
,535,412,2/3/2006,3/15/2006,3/17/2006,2,2,
,555,550,2/13/2006,3/27/2006,3/28/2006,?,0,
,220,222,2/17/2006,,,,,sac both
,507,501,12/20/2005,2/22/2006,3/1/2006,2,1,
,566,426,2/21/2006,,4/5/2006,2,0,
,564,437,2/21/2006,,,,,sac 564
,502,458,2/23/2006,4/28/2006,5/2/2006,0,0,
,227,228,1/28/2006,,,,,ship both
,154,201,1/31/2006,,4/14/2006,,,ship both
,534,533,3/3/2006,4/12/2006,4/15/2006,2,2,
,519,516,3/3/2006,4/13/2006,4/15/2006,3,3,
,553,536,3/10/2006,4/20/2006,4/22/2006,3,3,
,109,122,3/17/2006,6/12/2006,6/23/2006,3,3,
,514,571,3/17/2006,,,,,ship 514
,444,411,3/21/2006,5/12/2006,5/14/2006,3,1,hand-raised
,203,146,3/21/2006,,,,,ship both
,507,501,4/3/2006,5/15/2006,5/17/2006,2,2,
,212,123,4/5/2006,,,,,sac both
,555,550,4/5/2006,5/17/2006,5/18/2006,?,0,
,566,426,4/6/2006,5/18/2006,5/29/2006,2,2,
,429,427,4/7/2006,6/18/2006,6/29/2006,?,0,
,574,573,4/13/2006,5/30/2006,6/5/2006,2,2,
,575,568,4/13/2006,6/18/2006,6/18/2006,2,1,
,459,455,4/19/2006,5/18/2006,5/29/2006,2,2,
,416,443,4/19/2006,,?,?,0,
,362,247,4/19/2006,5/31/2006,6/3/2006,?,0,
,457,512,4/26/2006,6/2/2006,6/6/2006,4,4,
,165,226,4/26/2006,4/26/2006,6/8/2006,,,ship both
,535,412,4/28/2006,6/8/2006,6/11/2006,?,0,
,444,411,5/15/2006,7/6/2006,7/7/2006,?,0,
,502,458,5/15/2006,6/26/2006,6/27/2006,3,2,hand-raised
,534,533,5/15/2006,8/16/2006,8/20/2006,?,0,
,519,516,5/17/2006,8/30/2006,9/7/2006,3,3,
,553,536,5/23/2006,7/2/2006,7/5/2006,4,4,
,439,417,4/20/2006,,6/1/2006,?,0,
,555,550,5/30/2006,,7/13/2006,?,0,
,439,417,6/1/2006,,7/12/2006,?,0,
,617,602,6/8/2006,9/22/2006,9/25/2006,2,2,
,623,611,6/8/2006,8/11/2006,8/12/2006,2,2,
,614,613,6/8/2006,,8/1/2006,?,0,
,558,441,6/23/2006,8/3/2006,8/6/2006,3,3,
,362,247,6/26/2006,8/4/2006,8/9/2006,?,0,
,502,458,6/28/2006,,,,,
,507,501,6/26/2006,8/6/2006,8/9/2006,?,0,
,566,426,7/2/2006,8/11/2006,8/13/2006,3,3,
,459,455,7/5/2006,5/8/2008,,,,
,574,573,7/11/2006,8/25/2006,9/2/2006,3,3,
,444,411,7/11/2006,,,,,
,555,550,7/13/2006,,8/25/2006,?,0,
,457,512,7/19/2006,8/25/2006,9/3/2006,4,4,
,439,417,7/17/2006,,,,,
,535,412,7/24/2006,10/12/2006,10/13/2006,3,3,
,627,7344,8/4/2006,10/10/2006,10/12/2006,2,0,
,626,7263,8/4/2006,9/27/2006,10/3/2006,2,2,
,575,568,8/4/2006,9/14/2006,9/17/2006,3,3,
,416,443,8/7/2006,9/15/2006,9/17/2006,?,0,
,429,427,8/11/2006,11/13/2006,11/16/2006,?,0,
,614,613,8/1/2006,9/2/2006,9/9/2006,3,3,
,507,501,8/14/2006,9/21/2006,9/26/2006,3,3,
,362,247,8/18/2006,10/2/2006,10/4/2006,?,0,
,553,536,8/24/2006,10/4/2006,10/7/2006,2,2,
,555,550,8/25/2006,9/5/2008,9/10/2008,?,0,
,109,122,8/28/2006,,,,,122 dead
,534,533,8/31/2006,10/10/2006,10/13/2006,2,2,
,657,644,9/11/2006,1/12/2007,,?,0,SAC 657
,566,426,9/14/2006,10/20/2006,10/24/2006,1,1,
,558,441,9/14/2006,10/25/2006,10/28/2006,3,3,
,623,611,9/18/2006,10/22/2006,10/31/2006,3,3,
,416,443,10/3/2006,,,,,ship both
,457,512,10/10/2006,11/27/2006,12/3/2006,3,3,
,362,247,10/10/2006,11/19/2006,11/25/2006,?,0,
,617,602,10/12/2006,,12/20/2006,2,0,
,627,7344,10/16/2006,11/29/2006,12/8/2006,2,2,
,574,573,10/20/2006,11/30/2006,12/12/2006,3,3,
,519,516,11/8/2006,1/12/2007,1/19/2007,2,2,
,614,613,10/25/2006,12/4/2006,12/7/2006,2,2,
,507,501,11/8/2006,1/12/2007,1/21/2007,4,4,
,575,568,11/8/2006,12/28/2006,1/1/2007,3,3,
,626,7263,11/13/2006,12/21/2006,12/27/2006,4,4,
,553,536,11/15/2006,12/21/2006,12/28/2006,4,4,
,534,533,11/21/2006,12/28/2006,1/4/2007,2,2,
,535,412,11/29/2006,1/9/2007,1/14/2007,4,4,
,429,427,11/30/2006,6/20/2006,6/21/2006,1,1,
,439,417,11/30/2006,,,,,ship both
,558,441,12/4/2006,1/12/2007,1/17/2007,3,3,
,362,247,12/4/2006,,,,,ship both
,566,426,12/11/2006,1/22/2007,1/23/2007,?,0,
,502,458,12/11/2006,,,,,ship both
,623,611,12/11/2006,1/22/2007,1/24/2007,4,4,
184,617,602,12/20/2006,1/29/2007,1/31/2007,?,0,
,457,512,1/12/2007,2/22/2007,3/6/2007,3,3,
,627,7344,1/12/2007,3/9/2007,3/18/2007,?,0,
,614,613,1/18/2007,2/27/2007,3/5/2007,2,2,
,574,573,1/22/2007,2/15/2007,2/16/2007,2,2,
,617,602,2/9/2007,3/23/2007,3/26/2007,?,0,
,566,426,2/12/2007,3/20/2007,3/22/2007,3,3,
,626,7263,3/8/2007,4/16/2007,4/21/2007,4,0,
,553,536,3/8/2007,4/17/2007,4/21/2007,3,3,sac 553
,575,568,3/22/2007,5/2/2007,5/6/2007,2,2,
,534,533,3/22/2007,5/21/2007,5/28/2007,2,2,
,535,412,4/13/2007,6/22/2007,6/27/2007,2,2,
,558,441,4/13/2007,5/7/2007,,?,0,SAC 441
,617,602,4/13/2007,,8/1/2007,2,2,
,627,7344,4/13/2007,5/29/2007,6/18/2007,0,0,
,626,7263,5/11/2007,6/19/2007,6/24/2007,4,4,
,519,516,5/11/2007,7/30/2007,7/31/2007,2,2,
,507,502,5/11/2007,6/27/2007,7/6/2007,3,3,
,623,611,5/29/2007,7/8/2007,7/15/2007,4,4,
,614,613,5/29/2007,7/8/2007,7/12/2007,2,2,
,457,512,6/18/2007,5/7/2008,,,,sac 512
,574,573,6/18/2007,7/27/2007,8/1/2007,2,0,
,627,7344,6/18/2007,7/27/2007,8/2/2007,?,0,
,566,426,7/9/2007,11/26/2007,,?,?,
,575,568,7/30/2007,,9/22/2007,?,0,
,534,533,7/30/2007,11/9/2007,11/23/2007,?,0,
,429,427,8/2/2007,10/24/2007,10/29/2007,2,2,
,626,7263,8/7/2007,9/15/2007,9/21/2007,3,3,
,627,7344,8/8/2007,9/24/2007,9/30/2007,0,0,
,535,412,8/9/2007,9/19/2007,9/26/2007,3,3,
,574,573,8/21/2007,9/28/2007,10/10/2007,4,4,
,739,644,9/4/2007,10/16/2007,10/17/2007,2,2,
,617,602,,,9/14/2007,?,1,
,507,501,9/23/2007,11/9/2007,11/23/2007,2,1,
,614,613,9/26/2007,11/5/2007,11/8/2007,2,2,
,575,568,9/22/2007,1/13/2008,1/18/2008,3,3,
,623,611,10/5/2007,11/15/2007,11/23/2007,3,3,
,519,516,10/12/2007,1/13/2008,1/19/2008,2,2,
,617,602,9/14/2007,10/25/2007,10/30/2007,2,2,
,739,644,11/29/2007,1/4/2008,1/11/2008,2,0,
,534,533,12/4/2007,1/10/2008,1/18/2008,2,2,
,626,7263,12/4/2007,1/10/2008,1/18/2008,3,2,
,535,412,12/12/2007,1/25/2008,1/29/2008,2,2,
,574,573,12/28/2007,2/4/2008,2/11/2008,3,3,
,627,7344,12/28/2007,2/4/2008,2/13/2008,?,0,
,617,602,1/9/2008,4/3/2008,4/11/2008,3,3,
,566,426,1/9/2008,2/17/2008,,,,
,739,644,2/18/2008,,3/31/2008,4,4,
,659,647,2/20/2008,6/6/2008,6/15/2008,1,0,
,623,437,,,,,,sac both
,614,613,3/4/2008,4/16/2008,5/13/2008,2,2,
,429,427,3/4/2008,5/7/2008,5/12/2008,2,2,
,660,611,3/6/2008,4/16/2008,4/31/2008,2,0,
,566,426,4/3/2008,5/14/2008,,0,,
,534,533,4/3/2008,5/22/2008,6/6/2008,?,0,
,627,7344,4/9/2008,5/20/2008,5/27/2008,0,,
,519,516,4/9/2008,6/19/2008,6/24/2008,2,2,
,626,7263,4/21/2008,5/30/2008,6/5/2008,3,3,
,575,568,5/7/2008,6/24/2008,6/30/2008,3,3,
,660,611,5/3/2008,6/12/2008,6/18/2008,1,0,
,574,573,5/19/2008,7/23/2008,7/30/2008,2,2,
,535,412,6/9/2008,6/23/2008,,,,sac 412
,627,7344,6/19/2008,8/14/2008,8/22/2008,?,0,
,739,644,6/20/2008,7/30/2008,8/3/2008,?,0,
,558,441,6/23/2008,,,,,sac 558
,534,533,6/23/2008,9/8/2008,9/22/2008,?,0,
,507,501,6/24/2008,8/27/2008,9/1/2008,?,0,
,659,647,6/30/2008,,,,,sac 659
,660,611,7/7/2008,8/15/2008,8/20/2008,2,2,hand-raised
,566,426,7/8/2008,1/6/2009,1/14/2009,?,0,
,617,602,7/25/2008,12/3/2008,12/7/2008,2,2,
,459,455,8/6/2008,,,,,sac 455
,778,814,8/6/2008,10/8/2008,10/19/2008,3,3,
,807,819,8/6/2008,9/24/2008,9/27/2008,2,2,
,817,820,8/6/2008,9/8/2008,9/19/2008,?,0,
,429,427,8/15/2008,9/23/2008,10/13/2008,2,0,
,739,644,8/15/2008,9/23/2008,9/27/2008,3,3,
,614,613,8/22/2008,9/29/2008,10/4/2008,3,3,
,626,7263,9/12/2008,11/4/2008,11/17/2008,3,3,
,627,7344,8/25/2008,10/15/2008,10/17/2008,?,0,
,660,611,8/27/2008,10/6/2008,10/10/2008,2,2,
,821,829,9/5/2008,1/29/2009,,,,re-pair
,826,816,9/5/2008,1/6/2009,,,,
,827,824,9/5/2008,10/23/2008,11/2/2008,1,0,
,771,828,9/5/2008,12/17/2008,,,,sac 771
,535,550,9/15/2008,,,,,sac 535
,507,501,9/22/2008,11/21/2008,11/25/2008,2,2,
,519,516,9/25/2008,,12/7/2008,3,3,
,575,568,9/29/2008,1/26/2009,1/28/2009,2,2,
,574,573,9/29/2008,11/7/2008,11/13/2008,3,3,
,788,571,9/29/2008,,,,,sac 780
,783,536,9/29/2009,11/12/2008,11/18/2008,2,2,
,534,533,10/2/2008,11/11/2008,11/24/2008,?,0,
,817,820,10/6/2008,11/14/2008,11/18/2008,2,2,
,627,7344,10/30/2008,10/31/2008,12/14/2008,,,sac627
,827,824,11/5/2008,12/16/2008,12/19/2008,?,0,
,429,427,11/5/2008,,2/29/1900,,,sac 427
,739,644,11/10/2008,12/20/2008,12/23/2008,2,2,
,807,819,11/14/2008,12/23/2008,12/28/2008,3,3,
,614,613,12/4/2008,1/12/2009,1/17/2009,3,3,
,660,611,12/8/2008,1/15/2009,1/21/2009,3,3,
,778,814,12/12/2008,1/26/2009,1/28/2009,2,2,
,835,828,12/17/2008,10/9/2009,,,,
,534,533,,,,,,sac 534 give 533
,827,824,12/30/2008,2/6/2009,2/12/2009,3,3,
,840,7344,1/5/2009,3/9/2009,3/10/2009,2,2,
,837,816,1/6/2009,3/9/2009,3/17/2009,2,0,
,836,689,1/5/2009,3/23/2009,3/28/2009,1,0,
,817,820,1/23/2009,3/5/2009,3/9/2009,2,2,
,626,7263,1/28/2009,3/9/2009,3/14/2009,?,0,
,507,501,2/13/2009,7/20/2009,7/26/2009,3,3,
,783,536,2/6/2009,3/20/2009,3/23/2009,?,0,
,574,573,2/26/2009,5/13/2009,5/24/2009,3,3,
,617,602,,,,,,"617 died, sac 602"
,826,824,2/26/2009,5/6/2009,5/21/2009,2,2,
,519,516,3/5/2009,5/4/2009,5/17/2009,3,3,
,739,644,3/6/2009,4/15/2009,4/19/2009,3,3,
,807,819,3/19/2009,5/4/2009,5/10/2009,2,2,
,566,426,3/19/2009,6/23/2009,6/29/2009,?,0,
,837,816,3/20/2009,4/29/2009,5/5/2009,?,0,
,614,613,4/3/2009,5/12/2009,5/16/2009,2,2,
,660,611,4/3/2009,5/11/2009,5/18/2009,2,2,
,626,7263,4/3/2009,5/11/2009,5/17/2009,3,3,
,783,536,4/6/2009,5/15/2009,5/17/2009,1,?,
,836,689,4/6/2009,5/15/2009,5/18/2009,2,2,
,778,814,4/21/2009,6/1/2009,6/7/2009,3,3,
,575,568,4/21/2009,7/28/2009,8/2/2009,2,2,
,821,907,5/5/2009,7/3/2009,7/12/2009,3,3,
,827,824,5/6/2009,6/19/2009,6/28/2009,3,3,
,837,816,5/15/2009,6/25/2009,7/1/2009,?,1,
,817,820,5/29/2009,7/8/2009,7/12/2009,1,1,
,840,7344,5/29/2009,7/14/2009,7/25/2009,3,3,
,783,536,6/12/2009,7/24/2009,7/26/2009,0,0,
,901,647,6/12/2009,9/6/2009,9/13/2009,2,2,
,739,644,6/26/2009,8/11/2009,8/7/2009,3,3,
,807,819,6/29/2009,8/9/2009,8/11/2009,2,2,
,566,426,7/1/2009,8/10/2009,8/13/2009,0,0,566 give
,826,903,7/3/2009,8/11/2009,8/18/2009,?,0,
,626,7263,7/8/2009,8/28/2009,9/11/2009,2,2,
,836,689,7/17/2009,8/26/2009,8/29/2009,0,0,
,614,613,7/24/2009,9/24/2009,9/28/2009,2,2,
,660,611,8/9/2009,9/17/2009,9/22/2009,1,0,
,933,929,8/9/2009,12/7/2009,,,,
,941,829,8/19/2009,,,,,941 died
,942,934,8/19/2009,10/9/2009,10/19/2009,3,1,hand-raised
,930,911,8/9/2009,11/16/2009,11/20/2009,2,2,
,783,536,8/9/2009,9/17/2009,9/23/2009,?,0,
,519,516,8/20/2009,12/4/2009,12/7/2009,3,3,
,574,573,8/26/2009,11/9/2009,11/18/2009,2,0,
,826,903,8/26/2009,10/5/2009,10/6/2009,3,3,
,778,814,9/2/2009,11/6/2009,11/14/2009,3,3,
,827,824,9/4/2009,2/5/2010,2/9/2010,2,0,
,836,689,9/10/2009,10/16/2009,10/26/2009,?,0,
,837,816,9/14/2009,10/22/2009,10/29/2009,?,0,
,821,907,9/14/2009,10/5/2009,,,,re-pair
,840,7344,9/29/2009,11/6/2009,11/11/2009,3,3,
,783,536,10/6/2009,,12/1/2009,?,0,
,660,611,10/8/2009,11/16/2009,11/22/2009,2,2,
,507,501,10/9/2009,8/12/2010,,,,re-pair
,575,568,10/16/2009,11/11/2009,,,,re-pair
,739,644,10/22/2009,12/2/2009,12/3/2009,4,4,
,807,819,10/29/2009,12/7/2009,12/13/2009,2,2,
,836,689,11/2/2009,12/11/2009,12/15/2009,1,0,
,837,816,11/6/2009,12/16/2009,12/20/2009,1,1,
,901,647,11/13/2009,12/22/2009,12/28/2009,3,3,
,626,7263,11/20/2009,1/14/2010,1/25/2010,2,1,
,821,907,11/20/2009,3/8/2010,,,,re-pair
,835,828,11/20/2009,3/8/2010,,,,sac 855
,783,536,12/1/2009,,1/25/2010,3,3,
,614,613,12/10/2009,1/19/2010,1/24/2010,2,2,
,942,934,12/10/2009,1/28/2010,2/2/2010,2,2,
,826,903,12/22/2009,1/27/2010,2/3/2010,3,3,
,933,929,12/30/2009,2/22/2010,,,,re-pair
,836,689,1/11/2010,3/16/2010,,,,
,574,573,1/11/2010,2/16/2010,2/24/2010,2,2,
,817,820,1/14/2010,1/15/2010,,,,re-pair
,840,7344,1/15/2010,2/22/2010,2/26/2010,3,3,
,783,536,1/25/2010,3/20/2010,3/22/2010,?,0,
,778,814,1/27/2010,3/9/2010,3/14/2010,2,2,
,930,911,1/27/2010,3/9/2010,3/10/2010,4,4,
,660,611,2/11/2010,3/22/2010,3/28/2010,1,0,
,821,907,2/16/2010,3/4/2010,,,,re-pair
,827,824,2/19/2010,3/29/2010,4/5/2010,2,2,
,739,644,2/19/2010,3/29/2010,4/6/2010,1,0,
,519,516,3/4/2010,5/14/2010,,,,519 died sac 516
,835,907,3/8/2010,,,,,sac 835
pg 22#,821,829,3/8/2010,10/8/2010,,,,
,807,819,3/5/2010,4/14/2010,4/18/2010,3,3,
,834,816,3/8/2010,4/16/2010,4/21/2010,0,0,
,575,568,3/16/2010,3/21/2010,,,,sac both
,901,940,3/22/2010,4/30/2010,5/5/2010,3,3,
,783,536,3/22/2010,,5/5/2010,1,1,
,988,992,3/29/2010,5/10/2010,5/11/2010,3,3,
,614,613,3/29/2010,5/10/2010,5/11/2010,2,2,
,626,7286,4/19/2010,6/25/2010,7/2/2010,2,0,
,942,934,4/26/2010,6/3/2010,6/8/2010,1,0,
,26,903,5/6/2010,6/14/2010,6/27/2010,3,3,
,817,820,5/17/2010,10/8/2010,11/8/2010,2,2,
,933,929,5/21/2010,7/1/2010,7/7/2010,3,3,
,840,7344,5/24/2010,7/22/2010,7/26/2010,3,3,
,930,911,5/28/2010,7/7/2010,7/9/2010,4,4,
,783,536,5/5/2010,6/16/2010,6/20/2010,?,0,
,739,644,6/4/2010,7/12/2010,,,,
,778,814,6/8/2010,7/15/2010,7/24/2010,3,3,
,827,824,6/11/2010,1/20/2011,,,,
,837,816,6/18/2010,7/28/2010,8/4/2010,0,0,
,660,611,6/25/2010,8/3/2010,8/10/2010,2,2,
,574,573,7/9/2010,12/14/2010,12/16/2010,,,
,836,689,7/16/2010,10/28/2010,,,,
,807,819,7/22/2010,9/7/2010,9/14/2010,2,1,
,901,940,7/30/2010,9/14/2010,10/3/2010,2,0,
,614,613,8/9/2010,10/1/2010,10/7/2010,3,3,
,988,992,8/16/2010,10/1/2010,10/9/2010,2,2,
,739,644,8/25/2010,10/2/2010,,,,
,942,934,9/2/2010,10/9/2010,10/17/2010,1,0,
,626,7263,9/14/2010,10/25/2010,11/10/2010,2,2,
,826,903,10/5/2010,11/10/2010,11/18/2010,2,2,
,1025,828,10/21/2010,11/29/2010,12/3/2010,2,2,
,933,929,11/2/2010,12/15/2010,12/17/2010,2,2,
,821,829,11/13/2010,3/3/2011,,,,
,930,911,11/19/2010,12/23/2010,1/2/2011,2,2,
,739,644,11/24/2010,,,,,
,778,814,11/30/2010,1/7/2011,1/17/2011,3,3,
,840,7344,12/7/2010,1/12/2011,1/18/2011,2,2,
,660,611,12/16/2010,2/20/2011,2/25/2011,1,1,
,807,819,12/27/2010,2/2/2011,2/12/2011,2,2,
,901,940,1/11/2011,2/21/2011,3/6/2011,2,0,
,1007,1016,1/20/2011,3/18/2011,3/22/2011,2,1,
,1047,1057,1/20/2011,,,,,
,988,992,1/31/2011,3/11/2011,3/16/2011,3,3,
,827,824,2/18/2011,,,,,sac 827
,942,934,2/20/2011,4/29/2011,4/4/2011,3,1,
,614,613,3/3/2011,4/12/2011,4/26/2011,2,2,
,826,903,3/11/2011,4/29/2011,5/5/2011,2,2,
,574,573,3/18/2011,,,,,sac 574
,1041,828,3/18/2011,4/25/2011,4/30/2011,2,2,
,930,911,4/7/2011,5/16/2011,5/19/2011,3,3,
,907,940,4/7/2011,5/16/2011,5/20/2011,3,3,
,817,820,4/21/2011,7/22/2011,7/31/2011,2,1,
,933,929,4/21/2011,5/27/2011,6/7/2011,3,3,
,1070,1076,5/10/2011,7/5/2011,7/12/2011,4,4,
,1061,1101,5/10/2011,12/5/2011,12/7/2011,,,
,778,814,5/13/2011,6/20/2011,6/28/2011,1,1,
,840,7344,5/19/2011,7/3/2011,7/11/2011,3,3,
,807,819,5/26/2011,7/4/2011,7/13/2011,3,3,
,660,611,6/1/2011,7/11/2011,7/16/2011,2,0,
,626,7263,6/8/2011,,,,,sac 626
,988,992,6/14/2011,8/10/2011,8/15/2011,1,0,
,1007,1016,6/20/2011,7/31/2011,8/7/2011,?,0,
,942,934,6/24/2011,8/2/2011,8/7/2011,3,3,
,614,613,7/1/2011,8/11/2011,8/17/2011,2,2,
,1069,1103,7/3/2011,8/12/2011,8/15/2011,3,3,
,1117,1068,7/3/2011,,8/17/2011,?,0,
,8287,8362,7/7/2011,,,,,
,8385,8391,7/7/2011,7/31/2011,8/2/2011,2,2,
,8440,8473,7/7/2011,,,,,
,1041,828,7/10/2011,8/18/2011,8/21/2011,2,2,
,826,903,7/13/2011,9/8/2011,9/13/2011,3,3,826 dead
,930,911,7/15/2011,11/4/2011,11/6/2011,2,2,
,901,940,7/15/2011,9/2/2011,9/22/2011,3,3,
,660,611,7/19/2011,8/26/2011,9/1/2011,1,0,
,933,929,8/3/2011,9/9/2011,9/16/2011,4,4,
,1067,1113,8/12/2011,2/23/2012,2/26/2012,0,0,
,1031,1114,8/12/2011,3/1/2012,3/8/2012,0,0,
,1117,1068,8/17/2011,9/25/2011,9/30/2011,3,3,
,1007,1016,8/17/2011,9/25/2011,9/29/2011,4,4,
,778,814,8/22/2011,10/28/2011,11/6/2011,1,1,
,988,992,8/31/2011,10/10/2011,,,,
,1070,1076,9/14/2011,10/24/2011,10/27/2011,4,4,
,840,7344,9/15/2011,10/25/2011,10/28/2011,3,3,
,807,819,9/27/2011,11/11/2011,11/14/2011,0,0,
,817,820,10/3/2011,1/11/2012,1/15/2011,2,0,
,8385,8391,10/7/2011,11/15/2011,11/19/2011,3,3,
,942,934,10/14/2011,11/21/2011,11/26/2011,1,0,
,1069,1103,10/21/2011,,12/2/2011,2,2,
,660,611,11/4/2011,12/20/2011,12/25/2011,?,0,
,1041,828,11/4/2011,12/22/2011,1/3/2012,2,2,
,614,613,12/7/2011,9/10/2012,,,,
,933,929,12/9/2011,1/19/2012,1/25/2012,,,
,901,940,12/14/2011,1/22/2012,2/6/2012,3,3,
,988,992,12/16/2011,1/23/2012,1/30/2012,3,3,
,1117,1068,12/21/2011,1/29/2012,2/3/2012,2,1,
,1007,1016,12/21/2011,1/27/2012,2/3/2012,2,2,
,807,819,1/6/2012,4/6/2012,4/7/2012,2,2,
,840,7344,1/11/2012,2/28/2012,3/14/2012,4,4,840 died
,1070,1076,1/17/2012,2/24/2012,3/1/2012,4,4,
,930,911,1/19/2012,3/27/2012,4/2/2012,2,2,
,942,934,2/2/2012,3/12/2012,3/18/2012,1,1,
,933,929,2/20/2012,4/2/2012,4/7/2012,?,0,
,778,814,2/19/2012,3/25/2012,4/4/2012,1,1,
,660,611,2/19/2012,3/25/2012,4/4/2012,1,1,
,alice,mex,2/24/2012,3/30/2012,4/9/2012,2,2,
,1025,536,3/8/2012,4/12/2012,5/29/2012,,,536 died
,1069,1103,3/12/2012,9/20/2012,9/30/2012,,,
,1061,1101,3/16/2012,4/27/2012,5/7/2012,2,2,
,1041,828,3/20/2012,4/29/2012,5/1/2012,1,0,
,988,992,4/1/2012,5/12/2012,5/15/2012,1,0,
,1117,1068,4/10/2012,5/12/2012,5/23/2012,3,3,
,1007,1016,4/20/2012,6/3/2012,6/17/2012,4,4,
,901,940,4/27/2012,6/4/2012,6/21/2012,3,3,
,778,814,4/23/2012,7/2/2012,7/15/2012,0,0,
,1067,1113,5/3/2012,6/28/2012,7/3/2012,2,2,
,1041,828,5/12/2012,6/20/2012,6/25/2012,2,2,
,1070,1076,5/16/2012,6/22/2012,6/29/2012,4,4,
,1031,1114,5/21/2012,7/16/2012,7/22/2012,0,0,
,942,934,5/30/2012,7/9/2012,7/11/2012,0,0,
,817,820,6/7/2012,1/31/2013,2/6/2013,3,3,
,988,992,6/4/2012,7/15/2012,7/18/2012,,,
,660,611,6/13/2012,7/13/2012,,,,611 dead
,807,819,6/25/2012,8/14/2012,8/16/2012,,,
,1182,1229,6/25/2012,12/19/2012,12/22/2012,3,3,
,alice ,mex,7/6/2012,8/14/2012,8/20/2012,3,2,
,930,911,7/13/2012,11/30/2012,12/7/2012,2,2,
,983,929,7/19/2012,10/4/2012,,,,
,1061,1101,7/23/2012,10/5/2012,10/16/2012,2,2,
,1117,1068,7/29/2012,9/7/2012,9/11/2012,?,,1117 died
,942,934,7/23/2012,8/29/2012,9/5/2012,2,1,
,778,814,7/31/2012,,,,,
,1031,1114,8/3/2012,10/5/2012,10/15/2012,?,0,
,988,992,8/3/2012,9/11/2012,9/15/2012,2,0,
,1007,1016,8/13/2012,9/20/2012,9/26/2012,2,2,
,901,940,8/22/2012,9/30/2012,11/5/2012,2,2,
,1041,828,9/3/2012,10/12/2012,10/16/2012,?,0,
,1070,903,9/11/2012,10/21/2012,10/25/2012,3,3,
,1228,1103,9/20/2012,11/9/2012,11/17/2012,?,0,
,1223,907,9/11/2012,11/20/2012,12/2/2012,3,3,
,988,992,10/1/2012,11/9/2012,11/15/2012,3,3,
,1183,644,10/10/2012,,,,,1183 died
,1157,1076,10/10/2012,11/26/2012,11/30/2012,3,3,
,1091,828,10/31/2012,12/7/2012,12/12/2012,3,3,
,1031,1114,10/31/2012,12/28/2012,1/16/2013,0,0,
,1230,1250,11/16/2012,12/28/2012,1/5/2013,4,4,
,1251,1221,11/16/2012,2/25/2013,2/27/2013,3,3,
,1067,1113,11/16/2012,1/10/2013,1/18/2013,2,2,
,807,819,12/4/2012,2/8/2013,2/10/2013,?,0,
,1228,1103,12/4/2012,1/10/2013,1/15/2013,1,0,
,alice,mex,12/18/2012,1/25/2013,2/1/2013,2,0,
,1007,1016,1/18/2013,3/27/2013,4/2/2013,2,2,
,942,934,1/10/2013,2/18/2013,2/24/2013,1,1,
,933,929,12/17/2012,5/16/2013,5/20/2013,,,
,1069,816,1/25/2013,3/4/2013,3/10/2013,2,2,
,1061,1101,1/29/2013,3/17/2013,3/25/2013,3,3,
,1070,903,2/8/2013,3/22/2013,3/24/2013,4,4,
,1228,1103,1/31/2013,3/13/2013,3/17/2013,0,0,
,1031,1114,2/4/2013,4/4/2013,4/14/2013,?,0,
,901,940,2/14/2013,3/28/2013,4/11/2013,3,3,
,988,992,3/1/2013,4/19/2013,4/25/2013,?,0,
,1157,1076,3/1/2013,3/10/2013,4/15/2013,2,2,
,1223,907,3/8/2013,4/19/2013,4/25/2013,2,2,
,930,911,3/14/2013,,,,,
,1041,828,3/25/2013,5/3/2013,5/7/2013,2,2,
,1230,1250,3/25/2013,5/3/2013,5/7/2013,4,4,
,alice,mex,4/4/2013,5/12/2013,5/19/2013,3,3,
,1067,1113,4/10/2013,6/10/2013,6/13/2013,2,2,
,1228,1103,4/30/2013,6/11/2013,6/20/2013,?,0,
,1285,1272,4/12/2013,5/22/2013,5/26/2013,?,0,
,1274,1287,5/17/2013,12/19/2013,,,,
,1273,1276,4/18/2013,5/28/2013,,,,2 previous pups
,1031,1114,4/30/2013,,,,,
,807,819,5/3/2013,,,,,819 died
,817,820,5/6/2013,,,,,
,942,934,5/10/2013,6/21/2013,7/1/2013,0,0,
,1182,1229,5/15/2013,6/15/2013,7/14/2013,2,2,
,988,992,5/17/2013,7/17/2013,7/23/2013,,,
,1251,1221,5/24/2013,7/11/2013,7/16/2013,3,3,
,1069,816,6/7/2013,7/16/2013,7/19/2013,3,3,
,1070,903,6/16/2013,7/25/2013,7/30/2013,2,2,
,1061,1101,6/19/2013,8/12/2013,8/14/2013,0,0,
,1277,1276,6/21/2013,8/6/2013,8/14/2013,3,3,
,1007,1016,6/25/2013,9/12/2013,9/26/2013,3,3,
,901,940,7/2/2013,8/16/2013,9/11/2013,2,2,901 died
,1157,1076,7/5/2013,?,8/17/2013,2,0,
,1223,907,7/16/2013,8/25/2013,9/8/2013,3,3,
,1041,828,7/17/2013,1/10/2014,?,,,
,1230,1250,7/26/2013,9/4/2013,9/8/2013,2,2,
,942,934,7/16/2013,8/25/2013,8/28/2013,2,0,
,alice,mex,8/9/2013,9/18/2013,9/27/2013,2,2,
,988,992,8/9/2013,9/18/2013,9/24/2013,,,
,933,929,8/16/2013,11/7/2013,11/17/2013,4,4,
,1228,1103,8/28/2013,10/25/2013,10/29/2011,,,
,1285,1272,8/26/2013,11/5/2013,11/10/2013,2,2,
270,1067,1113,8/30/2013,11/4/2013,11/8/2013,2,2,
,1061,1101,8/30/2013,10/11/2013,10/13/2013,2,2,
,1157,1076,9/4/2013,10/25/2013,11/7/2013,3,3,
,1251,1221,9/25/2013,11/3/2013,11/6/2013,3,3,
,1182,1229,9/25/2013,11/15/2013,11/23/2013,3,3,
,1275,934,9/25/2013,12/3/2013,12/9/2013,2,2,
,1069,816,10/18/2013,12/20/2013,12/26/2013,3,3,
,1070,903,10/18/2013,11/24/2013,12/1/2013,3,3,
,1273,1276,11/4/2013,12/16/2013,12/19/2013,2,2,
,988,992,11/5/2013,3/18/2014,3/21/2014,2,2,
,1334,CJ,11/5/2013,12/17/2013,12/18/2013,3,3,
,942,7263,11/6/2013,,,,,7263 died
,1230,1250,12/13/2013,1/22/2014,1/28/2014,3,3,
,1223,907,11/24/2013,2/13/2014,2/3/2014,3,2,
,alice,mex,12/16/2013,1/28/2014,1/30/2014,1,1,
,1007,1016,12/18/2013,,,,,
,1061,1101,1/2/2014,2/24/2014,2/27/2014,,,
,1251,1221,1/10/2014,2/18/2014,2/23/2014,3,3,
,1157,1076,1/21/2014,3/21/2014,3/28/2014,1,0,
,1285,1272,1/22/2014,2/28/2014,3/7/2014,3,3,
,1067,1113,1/28/2014,3/25/2014,3/27/2014,1,1,
,1182,1229,1/30/2014,3/25/2014,3/27/2014,2,2,
,1070,903,2/18/2014,7/3/2014,7/9/2014,3,3,
,1041,828,2/18/2014,4/15/2014,4/22/2014,2,2,
,1275,934,2/18/2014,4/16/2014,4/25/2014,3,3,
,933,929,3/5/2014,3/10/2014,,,,separate
,1273,1276,3/5/2014,7/15/2014,7/20/2014,?,0,
,1334,CJ,3/10/2014,4/18/2014,4/22/2014,2,2,
,1274,1287,3/10/2014,5/27/2014,6/1/2014,1,1,
,1061,1101,3/21/2014,6/27/2014,6/29/2014,2,2,
,1327,1350,3/25/2014,6/4/2013,6/11/2014,3,3,
,1069,816,3/25/2014,4/30/2014,5/8/2014,2,2,
,1230,1250,4/9/2014,5/20/2014,5/25/2014,1,0,
,1228,1103,3/15/2014,4/27/2014,5/7/2014,?,0,
,1157,1076,4/14/2014,5/22/2014,5/27/2014,4,4,
,1391,1057,4/16/2014,,,,,
,alice,mex,4/25/2014,6/4/2014,6/11/2014,2,2,
,1251,1221,5/2/2014,6/9/2014,6/16/2014,4,4,
,1223,907,5/9/2014,6/18/2014,6/24/2014,4,4,
,1285,1272,5/19/2014,6/27/2014,7/2/2014,3,3,
,1067,1113,5/21/2014,7/25/2014,7/30/2014,2,2,
,1182,1229,5/27/2014,7/18/2014,7/21/2014,3,3,
,988,992,5/30/2014,8/8/2014,8/17/2014,0,0,
,1228,1103,6/3/2014,,7/28/2014,,,1228 died
,942,stewie,6/3/2014,8/1/2014,8/6/2014,1,0,
,1373,1350,6/4/2014,8/1/2014,8/7/2014,2,2,
,1334,CJ,6/4/2014,,,,,
280,,,,,,,,
