Cage.Card.Number,Sex,DOB,Pup.Number,Animal_ID,Parents,Death_date,SAC,Extra.notes
NA,F,1/6/00,NA,1,NA,2/24/06,Y,"removed poor breeder, SAC"
NA,F,2/3/10,NA,1007,NA,10/28/15,Y,"BREEDER, transferred to for expt"
NA,F,3/2/10,NA,1008,NA,2/10/11,Y,"poor breeder, euthanised"
NA,M,1/25/10,NA,1009,NA,3/21/10,Y,"HAND RAISED, used for expt"
NA,F,1/5/01,NA,101,NA,9/23/02,N,"scratches, fighting with male, found dead"
NA,M,1/25/10,NA,1010,NA,3/21/10,Y,"HAND RAISED, used for expt"
NA,F,4/27/10,NA,1013,NA,12/16/11,Y,"sick, was euthanised"
NA,F,4/27/10,NA,1014,NA,12/12/11,Y,"poor breeder, euthanised"
NA,M,3/3/10,NA,1016,NA,10/27/15,Y,"BREEDER, transferred to for expt"
NA,F,6/11/10,NA,1020,NA,6/11/14,Y,"chewed own tail, infected, euthanised"
NA,M,6/22/10,NA,1021,NA,4/15/15,Y,"getting old, used for experiments"
NA,F,8/13/10,NA,1022,NA,4/29/15,Y,"getting old, used for experiments"
17798737,F,4/21/16,226,10226,,NA,,
2370459,F,3/23/10,25,1025,0573 x 0574,1/26/16,Y,"removed poor breeder, SAC"
NA,F,11/19/10,NA,1028,NA,5/27/14,Y,"poor breeder, used for expt"
NA,F,4/18/10,NA,1031,NA,10/27/15,Y,"BREEDER, transferred to for expt"
NA,M,12/21/10,NA,1032,NA,12/22/14,Y,"looking sick, euthanised"
NA,M,6/11/10,NA,1034,NA,10/20/15,Y,"old age, used for experiments"
2370458,F,5/5/10,41,1041,0783 x 0536,1/29/16,Y,"removed poor breeder, SAC"
NA,F,9/14/10,NA,1061,NA,10/28/15,Y,"BREEDER, transferred to for expt"
17713372,F,11/8/10,67,1067,0817 x 0820,9/28/17,N,"growth on head, cancer tumours"
NA,F,11/8/10,NA,1068,NA,6/2/15,Y,"breeder, IOP, expt"
2441397,F,11/18/10,69,1069,,1/29/16,Y,"removed poor breeder, SAC"
2441396,F,11/18/10,70,1070,,10/21/16,Y,"removed poor breeder, SAC"
9325877,M,12/17/10,76,1076,0933x0929,5/8/16,N,found dead in cage
NA,M,2/2/01,NA,108,NA,3/15/04,N,"possible infected or broken leg. Was fighting with female, found dead"
9325884,M,1/17/11,3,1103,0778 x 0814,9/3/15,Y,"removed poor breeder, SAC"
NA,F,2/1/11,NA,1105,NA,7/20/15,Y,"failed breeder, SAC for expt"
2653925,M,3/17/11,11,1113,988,6/22/15,Y,sick
NA,F,4/4/11,NA,1117,NA,9/13/12,N,died giving birth to pups
NA,F,11/1/11,NA,1118,NA,11/4/13,Y,"failed breeder, SAC for expt"
NA,F,11/1/11,NA,1119,NA,10/31/13,Y,"failed breeder, SAC for expt"
NA,M,11/1/11,NA,1120,NA,12/12/13,Y,"failed breeder, SAC for expt"
NA,M,11/1/11,NA,1121,NA,11/2/15,Y,"deteriorating health, used for experiments"
NA,NA,5/5/11,NA,1122,NA,5/13/16,N,fatty liver disease
NA,F,5/5/11,NA,1122AU,NA,5/13/16,,fatty liver disease
NA,F,12/14/11,NA,1123,NA,7/14/15,Y,"failed breeder, SAC for expt"
11895361,F,9/13/11,57,1157,,10/12/15,N,found dead
NA,F,4/20/01,NA,116,NA,1/9/04,N,found dead in cage
NA,F,11/19/11,NA,1183,NA,11/9/12,N,died in cage with mate
NA,F,5/3/01,NA,119,NA,8/4/06,Y,"removed poor breeder, SAC"
NA,F,1/19/12,NA,1201,NA,11/17/15,Y,used for experiments
NA,M,1/19/12,NA,1202,NA,1/27/15,N,"found dead in cage, PM done by vet but we forgot to send samples"
NA,F,1/19/12,NA,1203,NA,11/4/15,Y,"declining health, used for experiments"
NA,M,1/19/12,NA,1204AU,NA,6/6/17,Y,"IOP calibration, euthanised"
NA,F,2/26/12,NA,1205AU,NA,8/8/18,A,"alive, current colony member"
NA,F,2/26/12,NA,1206,NA,4/27/15,N,"found dead, eaten by male "
NA,F,2/27/12,NA,1207,NA,6/23/15,Y,"used for experiments, poor breeder"
NA,M,2/27/12,NA,1208,NA,9/9/13,Y,"excess stock, euthanised "
NA,M,2/27/12,NA,1209,NA,11/27/13,Y,"failed breeder, SAC for expt"
NA,F,5/10/01,NA,121,NA,6/3/03,Y,"killed two males, removed from breeding for expt"
NA,M,10/14/12,NA,1210,NA,9/1/15,Y,"failed breeder, SAC for expt"
NA,M,10/14/12,NA,1211,NA,5/28/14,Y,"failed breeder, SAC for expt"
NA,F,10/14/12,NA,1212,NA,8/20/15,Y,"failed breeder, SAC for expt"
NA,M,4/18/01,NA,122,NA,8/13/03,Y,"poor breeder, euthanised for experiments"
17713395,M,4/14/12,21,1221,0840 x 7344,3/4/20,Y,
NA,F,3/14/12,NA,1223,NA,6/2/15,Y,"breeder, IOP, expt"
NA,F,3/28/12,NA,1228,NA,8/3/14,N,found dead in cage
17713389,M,3/30/12,29,1229,0930 x 0911,8/21/18,Y,"had cataract and bleeding retina, euth"
NA,M,5/3/01,NA,123,NA,10/24/06,N,found dead in cage
17713359,F,3/30/12,30,1230,0930 x 0911,8/14/18,Y,euth due to ulcerated lump under leg
10273585,M,6/25/12,50,1250,,12/7/15,N,found dead in cage
17713379,F,6/25/12,51,1251,1041 x 0828,11/8/18,Y,chronic kidney disease/abdomenal tumor
17713385,M,11/5/12,72,1272,0901x0940,1/1/20,,
17713367,F,11/5/12,73,1273,0901 x 0940,10/27/17,Y,"obese, not breeding"
10545691,F,11/15/12,74,1274,,10/11/15,Y,"breeder, euthanised for  study"
NA,F,11/15/12,NA,1275,NA,8/8/18,,
NA,M,11/15/12,NA,1276,NA,8/8/18,A,"alive, current colony member"
NA,M,11/30/12,NA,1278,NA,9/8/15,Y,"removed poor breeder, SAC"
17713391,F,12/12/12,85,1285,1041 x 0828,4/2/20,Y,
11895362,M,12/12/12,87,1287,,9/8/15,Y,"breeder, euthanised for study"
NA,F,5/23/13,NA,1301,NA,6/26/14,Y,"failed breeder, SAC for expt"
NA,F,5/23/13,NA,1302,NA,11/22/13,Y,"failed breeder, SAC for expt"
NA,M,9/7/13,NA,1303,NA,11/22/13,Y,"failed breeder, SAC for expt"
NA,F,7/9/13,NA,1304AU,NA,8/8/18,A,"alive, current colony member"
NA,M,7/13/13,NA,1305,NA,12/2/13,Y,"failed breeder, SAC for expt"
NA,M,7/13/13,NA,1306,NA,7/29/15,Y,"failed breeder, SAC for expt"
NA,M,7/13/13,NA,1307,NA,5/6/14,Y,"failed breeder, SAC for expt"
NA,F,9/7/13,NA,1308,NA,10/14/14,Y,"failed breeder, SAC for expt"
NA,M,9/7/13,NA,1309,NA,11/26/14,Y,"failed breeder, SAC for expt"
NA,F,7/22/01,NA,131,NA,6/28/04,Y,"removed poor breeder, SAC"
NA,F,9/23/13,NA,1310,NA,6/26/14,Y,"failed breeder, SAC for expt"
NA,F,9/23/13,NA,1311,NA,11/13/14,Y,"failed breeder, SAC for expt"
NA,F,9/23/13,NA,1312,NA,7/9/14,Y,"failed breeder, SAC for expt"
NA,M,9/23/13,NA,1313,NA,5/14/14,Y,"failed breeder, SAC for expt"
NA,M,10/9/13,NA,1314,NA,6/20/14,Y,"failed breeder, SAC for expt"
NA,M,10/9/13,NA,1315,NA,5/29/14,Y,"failed breeder, SAC for expt"
17713350,F,12/10/13,16,1316,1020x1204,7/15/18,N,
NA,F,12/10/13,NA,1316AU,NA,7/15/18,N,"found dead in cage, very skinny"
NA,M,10/24/13,NA,1317AU,NA,8/8/18,A,"alive, current colony member"
NA,M,10/24/13,NA,1318,NA,8/6/14,Y,"failed breeder, SAC for expt"
NA,F,10/24/13,NA,1319,NA,6/19/14,Y,"failed breeder, SAC for expt"
NA,M,12/27/13,NA,1320,NA,10/8/14,Y,"failed breeder, SAC for expt"
18191642,M,12/27/13,21,1321,1123 x 1101,10/16/20,Y,
NA,M,12/27/13,NA,1321AU,NA,8/8/18,A,"alive, current colony member"
17713397,F,12/27/13,22,1322,1123x1101,6/29/19,N,
NA,F,12/27/13,NA,1322AU,NA,8/8/18,A,"alive, current colony member"
NA,F,4/11/13,NA,1327,NA,10/28/15,Y,"BREEDER, transferred to for expt"
18191660,F,5/7/13,34,1334,1041x0828,2/9/21,N,
17713357,M,6/13/13,50,1350,1067 x 1113,10/12/18,Y,
NA,F,9/8/13,NA,1365,NA,12/18/13,Y,SAC for experiment
NA,M,9/11/13,NA,1369,NA,10/25/13,N,found dead in cage after weaning 
17713374,F,10/12/13,73,1373,1007 x 1016,3/4/20,Y,
NA,M,10/13/13,NA,1376,NA,1/8/14,Y,SAC for Lab
17713353,F,11/8/13,85,1385,1067 x 1113,6/27/17,Y,fatty liver disease
NA,F,11/17/13,NA,1391,NA,10/28/15,Y,"BREEDER, transferred to for expt"
17713381,F,4/11/14,1,1401,1201 x 1034,4/10/20,Y,
NA,F,4/11/14,NA,1401AU,NA,8/8/18,A,"alive, current colony member"
NA,F,4/11/14,NA,1402AU,NA,5/1/17,Y,"IOP calibration, euthanised"
17713352,M,4/11/14,3,1403,1201x1034,8/24/17,N,
NA,M,4/11/14,NA,1403AU,NA,8/24/17,,diarrhoea/weight loss/chronic wasting
NA,F,5/5/14,NA,1404,NA,8/18/14,Y,"failed breeder, SAC for expt"
NA,F,5/5/14,NA,1405,NA,9/25/14,Y,"failed breeder, SAC for expt"
NA,F,5/21/14,NA,1406,NA,5/5/15,Y,"failed breeder, SAC for expt"
NA,M,6/2/14,NA,1407,NA,10/8/14,Y,"failed breeder, SAC for expt"
NA,M,6/2/14,NA,1408,NA,11/5/14,Y,"failed breeder, SAC for expt"
18052816,F,6/2/14,9,1409,,NA,,breeder
NA,F,6/2/14,NA,1409AU,NA,8/8/18,A,"alive, current colony member"
NA,M,10/12/01,NA,141,NA,2/24/06,Y,"removed poor breeder, SAC"
NA,F,4/4/14,NA,1410,NA,9/18/14,Y,"failed breeder, SAC for expt"
17339384,M,12/17/14,100,14100,,NA,,MD PD 168074 (HD) 
17339398,F,12/16/14,101,14101,,NA,,
17339392,F,7/6/14,102,14102,,4/3/15,Y,
17339390,M,12/17/14,103,14103,,4/3/15,Y,SAC for Gorbatyvk lab 
17339400,F,12/17/14,104,14104,,NA,,
17339393,M,12/17/14,105,14105,,4/3/15,Y,
17339401,M,12/22/14,106,14106,,NA,,MD SCH (LD)
17339387,M,12/22/14,107,14107,,NA,,Genepin
17339385,F,12/27/14,108,14108,,NA,Y,SAC for Grytz lab; -5D ELL
17339406,F,12/27/14,109,14109,,NA,Y,SAC for Kratt; red flicker
NA,F,4/4/14,NA,1411,NA,8/15/14,Y,"failed breeder, SAC for expt"
17339379,F,12/27/14,110,14110,,3/18/15,Y,SAC for Grytz lab on 3/18/2015; -5D ELL
17339408,M,12/27/14,111,14111,,NA,,red flicker
NA,M,8/31/14,NA,1412,NA,10/23/15,Y,"failed breeder, SAC for expt"
18182004,F,8/31/14,13,1413,,4/6/21,Y,SAC on 4/6/21 
NA,F,8/3/14,NA,1413AU,NA,8/8/18,A,"alive, current colony member"
NA,M,10/13/14,NA,1414,NA,6/30/15,Y,"failed breeder, SAC for expt"
NA,F,10/13/14,NA,1415,NA,12/2/14,Y,euth due to bite wound on jaw from litter mate
NA,M,10/17/01,NA,142,NA,3/3/06,Y,"removed poor breeder, SAC"
NA,F,10/19/01,NA,143,NA,3/3/06,Y,"removed poor breeder, SAC"
17713363,F,6/16/14,41,1441,1251 x 1221,9/5/18,Y,
NA,F,6/24/14,NA,1442,NA,2/28/17,N,fatty liver disease
18191657,M,6/29/14,47,1447,1061 x 1101,11/21/20,Y,
NA,M,10/19/01,NA,145,NA,8/4/06,Y,"removed poor breeder, SAC"
11895382,M,7/6/14,51,1451,,NA,Y,SAC for NASA/Brian Samuel
18191664,M,7/9/14,52,1452,1070 x 0903,1/6/21,Y,
11895374,F,7/9/14,53,1453,,9/4/15,N,found dead in cage
17713371,M,7/18/14,54,1454,1334xCJ(8362),7/27/20,Y,
NA,M,9/12/01,NA,146,NA,2/13/03,Y,"Killed two females, removed from breeding for expt"
17713403,F,7/30/14,60,1460,1067 x 1113,8/15/19,Y,
17349865,M,7/6/14,61,1461,,NA,Y,SAC for NASA/Brian Samuel
17349867,M,7/6/14,64,1464,,NA,Y,SAC for NASA; MD Spip + MD Quin
17301226,M,7/6/14,65,1465,,NA,Y,SAC for NASA
17301312,M,7/6/14,67,1467,,NA,Y,"blue constant; treated for Gawne study, brain for Gamble"
17301272,F,9/5/14,68,1468,,NA,Y,"MD SEH (HD); treated for Alex's study, eyes for Strang and Gawne, brain for Gamble"
17713407,M,9/5/14,69,1469,1230 x 1250,10/9/18,Y,
NA,M,12/17/01,NA,147,NA,11/26/04,N,"found dead with female, no fighting noticed"
17713378,F,9/5/14,70,1470,1230x1250,8/14/18,N,"found dead in black nest, pregnant"
17301256,F,7/6/14,71,1471,,NA,Y,Blue Flicker; Brain for Gamble; Eyes for Wei Li
17301291,F,10/14/14,72,1472,,NA,Y,"brain for Gamble, eyes for Wei Li; "
17301278,M,10/15/14,75,1475,,NA,Y,
17301223,M,10/5/14,76,1476,,NA,Y,"MD SKF (LD); treated for Alex's study, eyes talcon for Grytz lab "
17301308,F,10/21/14,77,1477,,NA,Y,treated for Rafael; eyes for Rafael; -5D cresslink
17301242,F,10/21/14,78,1478,,NA,Y,"SAC, Norton probing skull  for NASA preparation"
17301231,F,10/21/14,79,1479,,NA,Y,treated for Rafael; eyes for Rafael; -5D strip
17301287,F,11/3/14,80,1480,,NA,Y,eyes for Grytz lab; blue flicker
17301247,M,11/5/14,81,1481,,NA,Y,Rafael -5D cresslink; eyes for Grytz lab
17301236,F,11/5/14,82,1482,,NA,Y,SAC for Gamble lab; blue steady
17301280,F,11/10/14,83,1483,,NA,Y,Rafael normal; eyes for Grytz lab
17301253,M,11/10/14,84,1484,,NA,Y,Rafael normal; eyes for Rafael Grytz lab
17339405,M,11/25/14,85,1485,,NA,Y,Rafael strip normal
17339402,F,11/25/14,86,1486,,NA,Y,SAC eyes for Grytz lab
17339397,F,11/25/14,87,1487,,NA,,
17301275,F,11/19/14,88,1488,,NA,Y,SAC for Gamble lab; blue steady
NA,F,11/30/01,NA,149,NA,11/8/07,N,"found dead with one pup in cage, possible old age"
17301296,M,11/19/14,90,1490,,NA,Y,Rafael strip normal; eyes for Grytz lab
17301262,F,11/30/14,92,1492,,NA,Y,steady red
17339383,F,11/30/14,93,1493,,NA,Y,MD Spip + MD Quin; brain for Gamble
17301303,M,11/30/14,94,1494,,NA,Y,SAC for Gamble lab; blue flicker
17339381,F,12/1/14,95,1495,,NA,Y,SAC for Gamble lab; steady red 
17339382,M,12/1/14,96,1496,,NA,Y,SAC for Grytz lab
17339391,M,12/1/14,97,1497,,NA,Y,SAC eyes for Grytz lab
17339399,M,12/1/14,98,1498,,NA,,Rafael -5D strip 
17339407,M,12/1/14,99,1499,,NA,,Rafael -5D crosslink
NA,F,5/19/00,NA,15,NA,10/20/04,N,"blood in cage, fighting, found dead"
NA,F,1/1/15,NA,1501AU,NA,8/8/18,A,"alive, current colony member"
NA,F,1/1/15,NA,1502AU,NA,8/8/18,A,"alive, current colony member"
17713368,M,1/23/15,3,1503,1025x1202,11/12/19,Y,died after surgery; 5D red steady 
NA,M,1/23/15,NA,1503AU,NA,8/8/18,A,"alive, current colony member"
NA,M,6/18/15,NA,1505AU,NA,8/8/18,A,"alive, current colony member"
NA,F,9/21/15,NA,1506AU,NA,8/8/18,A,"alive, current colony member"
17378374,M,1/22/15,7,1507,,5/19/15,Y,SAC on 5/19/15; -5D steady red; from Thomas Norton 
17353451,F,1/31/15,8,1508,,4/15/15,Y, Sarah/Alex
17353468,M,1/31/15,9,1509,,4/9/15,Y,
17388398,M,3/4/15,10,1510,,3/14/15,Y,
18191647,F,9/30/15,100,15100,1041 x Stewie,12/28/20,Y,"bit tail off, infected"
17765881,F,9/30/15,101,15101,1041xStewie,11/23/19,N,
17462641,M,10/26/15,102,15102,1385 M x 1439 F ,1/13/16,Y,"SAC on 1/13/16 for Grytz lab, Sarah Viability Study; 1h Red Light"
17462643,F,10/26/15,103,15103,1385 M x 1439 F ,1/22/16,Y,"SAC for Grytz lab on1/22/2016, Sarah Baldivia, Viability; 4h Red Light"
17462640,F,10/26/15,104,15104,1385 M x 1439 F ,4/8/16,Y,SAC on 4/8/2016 for Grytz Lab; Alex; FD Red Light
17462642,M,10/26/15,105,15105,1385x1439,4/14/16,Y,
18191661,M,11/20/15,106,15106,1067 F x 1114 M ,11/11/21,Y,"SAC on 11/11/21, sick; experimental history: red light oldes 35 DVE; mate 1. 15100 F"
17469084,M,7/7/15,107,15107,1067 M x 1114 F,2/25/16,Y,"SAC on 2/25/2016; 35 DVE, 1000x "
17469087,F,11/24/15,108,15108,1450 M x 1452 F ,3/9/16,Y,SAC on 3/9/2016; red light older 35 DVE
17469085,M,11/24/15,109,15109,1450 M x 1452 F ,2/25/16,Y,"SAC on 2/25/2016; 35 DVE, 1000x "
17388399,F,3/4/15,11,1511,,5/14/15,Y,
17472652,F,11/30/15,110,15110,1275 M x 0934 F ,3/3/16,Y,"SAC on 3/3/2016 for Sarah Viability, DMEM/F12; 35 DVE, red light older"
17472653,M,11/30/15,111,15111,1275 M x 0934 F ,3/9/16,Y,SAC on 3/9/2016; 35 DVE 1000 Lux
17388397,M,3/4/15,12,1512,,5/15/15,Y,
17353455,M,3/4/15,13,1513,,5/6/15,Y,
17353471,F,3/8/15,14,1514,,5/8/15,Y,
17353456,M,3/11/15,16,1516,,5/20/15,Y,SAC for Grytz lab 5/20/15; MD PD 
17388395,F,7/7/15,17,1517,,NA,,eyes for Grytz lab 7/24/15; -5D steady red
17353457,M,3/11/15,18,1518,,5/20/15,Y,SAC for Grytz lab 5/20/15; MD Spip + Quin
17388369,F,3/11/15,19,1519,,7/27/15,Y,SAC for Grytz 7/27/15; -5D study red
NA,F,3/11/15,20,1520,,5/19/15,Y,SAC on 5/19/15; MD Spip + Quin
17353442,M,3/13/15,22,1522,,5/13/15,Y,
NA,M,3/13/15,23,1523,,5/19/15,Y,
NA,F,3/19/15,25,1525,,5/21/15,Y,SAC for Grytz lab 5/21/15; MD Spip + Quin
17353462,F,3/31/15,28,1528,,NA,Y,SAC for Grytz lab; MD
18191658,F,3/31/15,29,1529,1446 x 1454,8/8/18,A,"alive, current colony member"
NA,M,3/31/15,NA,1530,NA,11/21/16,N,found dead in cage
17389810,M,3/31/15,33,1533,1454 F x 1446 M ,8/6/15,Y,"SAC for Grytz Lab, Baldivia Viability study 8/6/15; -5D study Red"
18191662,M,3/31/15,34,1534,1373 x 1350,1/27/21,Y,
NA,F,4/6/15,NA,1537,NA,8/8/18,A,"alive, current colony member"
18191649,M,4/6/15,38,1538,8385x8391,7/15/22,N,
NA,M,12/24/01,NA,154,NA,9/21/06,Y,euthanised due to neck tumour
17713364,F,4/13/15,40,1540,1067 x 1113,11/19/18,Y,
17713354,M,4/13/15,41,1541,1275 x 0934,2/20/18,Y,
17713370,F,4/13/15,42,1542,1275 x 0934,3/6/18,Y,"inbred shrew, SAC"
17401408,M,4/16/15,45,1545,,6/12/15,Y,SAC for Grytz 6/12/15 
18191641,M,4/16/15,46,1546,1453 x 1457,3/5/21,Y,
17401407,M,4/16/15,47,1547,,6/19/15,Y,SAC for Grytz 6/19/15 
17442496,M,5/16/15,48,1548,1457x1453,NA,,
17713348,M,4/22/15,49,1549,1069x0816,10/4/19,N,
NA,M,12/24/01,NA,155,NA,8/4/07,N,"old age, found dead in cage"
18191651,M,4/22/15,50,1550,1069 x 0816,1/4/21,Y,
17401406,M,4/27/15,51,1551,,6/29/15,Y,SAC for Grytz 6/29/15
17765880,M,4/27/15,52,1552,1070 x 0903,8/23/19,Y,
17430797,M,5/2/15,54,1554,1442 M x 1456 F,10/12/15,Y,SAC on 10/12/15; red light older 
17404370,M,5/2/15,55,1555,,7/31/15,Y,SAC for Grytz 7/31/15; red light older 
17430798,F,5/2/15,56,1556,1442 M x 1456 F,NA,Y,SAC for Grytz (shared with Alex and Sarah)
17765879,M,5/7/15,57,1557,1229 M x 1250 F,8/22/18,N,"found dead in cage, blood around mouth"
17442497,F,5/7/15,58,1558,1230x1250,8/31/16,Y,
17395101,M,5/7/15,59,1559,1230 M x 1250 F,8/7/15,Y,"SAC for Grytz Lab, Sarah Viability study 8/7/15; red light older (35VE)"
NA,F,12/24/01,NA,156,NA,10/15/04,N,"looked dehydrated and skinny, found dead"
17404368,M,5/21/15,61,1561,1441 M x 1469 F,8/27/15,Y,"SAC for Grytz Lab, Sarah Viability study 8/27/15; -5D/Plano Red"
17404369,M,5/21/15,62,1562,,7/29/15,Y,SAC for Grytz 7/29/15; 7h red 7h colony light
17410088,M,5/26/15,63,1563,1273M x 1276 F,8/19/15,Y,"SAC for Grytz Lab, Sarah Viability study 8/19/15; -5D/Plano Red"
17395093,M,5/26/15,64,1564,,7/22/15,Y,SAC for Grytz Lab 7/22/15; normal 
17395077,M,5/26/15,65,1565,1273 M x 1276 F,10/23/15,Y,SAC 10/23/15 for Grytz Lab; Alex LC strain Levy; normal
17415355,M,6/13/15,70,1570,1470 M x 1447 F,8/31/15,Y,SAC on 8/31/2015; Brain for Mueller ($25); 7h red/7h colony light
17411534,M,6/13/15,71,1571,1470 M x 1447 F,8/31/15,Y,SAC brain for Tony M. Mueller ($25) on 8/31/15; 7h red/7h colony
17418004,M,6/13/15,72,1572,1470 M x 1447 F,9/8/15,Y,SAC for Kraft (eye $25) on 9/8/15; red light older 
17422543,F,6/23/15,73,1573,,8/31/15,Y,SAC brain for Tony M. Mueller ($25) on 8/31/15; 7h red/7h colony light
17422541,F,6/23/15,74,1574,,8/31/15,Y,SAC on 8/31/2015; Brain for Mueller (125); 7h red/7h colony light
17422542,M,6/23/15,75,1575,,9/18/15,Y,"SAC for Grytz Lab 9/18/15, Sarah Viability Study; red light older"
18191648,M,7/21/15,77,1577,1157 F x 1076 M,11/11/21,Y,"SAC on 11/11/21, sick; mate 1. 1450 F"
NA,F,7/22/15,78,1578,1334xCJ(8362),8/8/18,A,"alive, current colony member"
17395092,F,7/22/15,79,1579,,12/15/15,Y,"SAC for L. Sincich on 12/15/2015, $50 pilot investigator price"
NA,F,1/2/02,NA,158,NA,4/19/07,Y,euthanised due to possible mammary tumour
17456414,M,7/22/15,80,1580,1334 x CJ,12/15/15,Y,SAC for Grtyz lab 12/15/15; Sarah's Viability Study; red light older 95 DVE 
17431960,M,7/27/15,83,1583,1070 F x 0992 M,11/11/15,Y,SAC on 11/11/15; FD red
17431961,M,7/27/15,84,1584,1070 M x 0992 F,10/12/15,Y,SAC on 10/12/15; 2h Red
17459161,F,9/1/15,86,1586,1542 M x 1538 F ,2/26/16,Y,"SAC on 2/26/16 for Grytz Lab, Sarah Viability; red light older, 95 DVE"
17444329,F,9/1/15,87,1587,1542 M x 1538 F,5/25/16,Y,
17444331,F,9/1/15,88,1588,1157 M x 1076 F,11/11/15,Y,SAC on 11/11/15; 2h red 
17444327,F,9/2/15,89,1589,1373 M x 1350 F,11/11/15,Y,SAC on 11/11/15; 2h red 
NA,F,1/2/02,NA,159,NA,2/13/06,N,"found dead, had bite wounds from male"
17444326,M,9/2/15,90,1590,1373 x 1350,11/13/15,Y,SAC for Grytz lab (shared Alex and Sarah) on 11/13/2015; FD Red
17444328,M,9/1/15,91,1591,1157 M x 1076 F,8/23/16,Y,SAC on 8/23/16' FD Red 
17444330,M,9/1/15,92,1592,1157x1075,12/8/15,Y,SAC on 12/8/15  for Grytz lab; Sarah Viability Study; 1h red 
NA,M,7/7/15,93,1593,,11/8/15,Y,SAC for Grytz lab (Sarah) 11/08/15
17451535,F,9/14/15,94,1594,1537 F x 1550 M,11/30/15,Y,SAC 11/30/15; 2h red
17451530,F,9/4/15,95,1595,1537 M x 1550 F,5/25/16,Y,FD Red
17451532,M,9/18/15,96,1596,1285 M x 1272 F,11/30/15,Y,SAC 11/30/15; 2h red
17451537,F,9/18/15,97,1597,1285 M x 1272 F,11/30/15,Y,SAC on 11/30/2015; 1h red
17451536,F,9/17/15,98,1598,1540 M x 1538 F,11/30/15,Y,SAC on 11/30/2015; 1h red
17459160,F,9/17/15,99,1599,1540 M x 1534 F ,3/9/16,Y,SAC on 3/9/2016; red light older 95 DVE
NA,F,12/24/01,NA,160,NA,2/13/03,Y,"poor breeder, used for expt"
17477744,F,12/14/15,1,1601,1529 F x 1530 M ,11/10/16,Y,SAC on 11/10/16; FD colony 
17477742,F,12/14/15,3,1603,1529 M x 1530 F ,3/8/16,Y,"SAC on 3/8/2016 for Grytz lab; Sarah Viability, DMEM/F12; 4h Red; fixed typo in birth date (2015 vs. 2016)"
17395095,M,NA,5,1605,,4/10/16,Y,
17395082,F,4/21/16,6,1606,,4/10/16,Y,
17395098,M,7/8/16,7,1607,,5/2/16,Y,SAC on 5/2/2016; dark (no shave)
17477741,F,1/27/16,8,1608,1441 M x 1469 F,11/10/16,Y,SAC on 11/10/2016; 4h red
17395083,M,7/8/14,9,1609,,3/23/16,Y,"SAC on 3/23/2016 for Grytz Lab, collagen remodeling"
17353448,F,NA,10,1610,,4/11/16,Y,
17497080,F,2/9/16,11,1611,1470 M x 1447 F,5/2/16,Y, 1h red
17477745,M,2/19/16,12,1612,1470 M x 1447 F,5/2/16,Y,SAC on 5/2/2016; 4h red
17497082,M,2/24/16,13,1613,alice M x mex F ,5/20/16,Y,SAC on 5/20/2016; 35 DVE 1000 lux
17497083,M,2/19/16,14,1614,1470 M x 1447 F,5/20/16,Y," 35 DVE, 1000 Lux"
17497081,F,2/24/16,15,1615,alice M x mex F ,5/2/16,Y,SAC on 5/2/2016; 4h red
17504245,M,3/9/16,16,1616,1569 M x 1457 F,6/17/16,Y,FD colony light 
17504241,M,3/9/16,17,1617,1569 M x 1457 F,5/20/16,Y, 7h Red light 
17504242,M,3/13/16,18,1618,1460 M x 1549 F,5/20/16,Y, 7h Red light 
17504243,F,3/13/16,19,1619,1460 M x 1549 F,6/17/16,Y,SAC 6/17/16; FD colony light 
17504244,F,3/13/16,20,1620,1460x1549,4/15/16,Y,
17519343,F,4/17/16,21,1621,1182 F x 1229 M,7/11/16,Y, 7h red
17519346,F,4/17/16,22,1622,1182 F x 1229 M,7/25/16,Y, FD colony
17519345,M,4/20/16,23,1623,1251 x 1221,7/8/16,Y,
17519342,M,4/20/16,24,1624,1251 M x 1221 F,7/11/16,Y," blue flicker, 24 DVE"
17519344,F,4/20/16,25,1625,1251 M x 1221 F,7/11/16,Y,7h red
17519347,M,4/21/16,26,1626,1230 M x stewie,7/11/16,Y,7h red
17519341,M,4/21/16,27,1627,1230 M x stewie,7/11/16,Y," blue flicker, 24 DVE"
17522634,F,4/30/16,28,1628,15100 x 15106,7/8/16,Y," blue flicker, 24 DVE"
17522635,F,4/30/16,29,1629,15100 F x 15106 M,7/25/16,Y,blue flicker
17533289,F,5/16/16,30,1630,1070 M x 0992 F,8/9/16,Y,SAC on 8/9/16; blue flicker (24 DVE; 
17533288,F,5/16/16,31,1631,1070 M x 0992 F,8/15/16,Y,"SAC on 8/15/16; blue flicker (24 DVE, new array) "
17548648,F,5/31/16,33,1633,,8/15/16,Y,"SAC on 8/15/16; blue flicker (24 DVE, old) "
17624384,M,7/14/16,41,1641,,9/12/13,Y,SAC on 9/12/2013????? Red and Blue Flicker; Blue 40 ms advance 
17624333,NA,7/14/16,42,1642,,9/12/13,Y,SAC on 9/1213; red and blue flicker (in phase; 24 DVE) 
17630314,F,7/29/16,44,1644,,10/14/16,Y, blue flicker (old standard; 24 DVE)
17630313,M,8/3/16,45,1645,,10/4/16,Y,
17630832,F,8/3/16,46,1646,,10/4/16,Y,SAC on 10/4/16; Red and Blue Flicker (in phase; 240 VE)
NA,NA,7/8/16,49,1649,1285 F x 1452,9/23/16,Y,SAC on 9/23/16
17633368,M,8/11/16,50,1650,1285 F x 1452 M,10/19/16,Y,SAC on 10/19/2016; Blue steady (old array; 24 VE)
NA,F,7/8/16,51,1651,,10/14/16,Y,SAC 10/14/16; 44 DVE; Gorbottuk pilot 
17633367,F,8/24/16,52,1652,1442 F x 1656 M ,10/26/16,Y,SAC on 10/26/16; red and blue flicker
17633366,M,8/24/16,53,1653,1442 F x 1656 M ,11/16/16,Y,Blue flicker; new array; 24 DVE
NA,F,7/8/16,54,1654,,10/14/16,Y,SAC 10/14/16; 44 DVE; Gorbottuk pilot 
17643200,F,9/3/16,56,1656,1385 F x 1439 M,3/21/17,Y,SAC on 3/21/17; blue flicker (old array; 24 DVE) 
17643199,M,9/3/16,57,1657,1385 F x 1439 ,11/10/16,Y,SAC 11/10/16; blue steady cold array; 24 DVE
NA,F,7/8/16,58,1658,,10/14/16,Y,SAC 10/14/16; 44 DVE; Gorbottuk pilot 
NA,F,8/9/16,59,1659,1067 x 1114,10/21/16,Y,SAC 10/21/2016; Grytz; 23 DVE 
17649262,F,9/21/16,60,1660,1529 M x 1530 F,7/23/18,Y,"SAC on 7/23/2018; red steady, blue flicker, 24 DVE; 1st: 10:50, 2nd: 10:55"
17649263,M,9/21/16,61,1661,1529x1530,11/28/16,Y,
17660504,F,10/20/16,62,1662,1569 F x 1457 M,12/28/16,Y,SAC on 12/28/16; blue steady (old array; 24 DVE)
17660505,M,10/25/16,63,1663,1460x1549,11/28/16,N,
17661323,F,10/20/16,64,1664,1569 F x 1457 M,1/5/17,Y,SAC on11/5/17; blue ficker (new array; 24 DVE) 
17661324,F,10/25/16,65,1665,1460 F x 1549 M ,3/21/17,Y,blue steady (old array; 24 DVE) 
17672619,F,11/30/16,66,1666,15100 F x 15106,1/23/17,Y," 16 DVE, group OCT"
17672618,NA,12/3/16,68,1668,1450 F x 1452 M,1/27/17,Y,"16 DVE, group OCT"
NA,F,12/10/16,NA,1674,NA,8/8/18,A,"alive, current colony member"
17713388,F,12/10/15,75,1675,1334 x CJ (8362),3/24/20,Y,
17681363,M,12/28/16,76,1676,1230 M x stewie,NA,,
17681364,M,12/28/16,77,1677,1230 M x stewie,NA,,
NA,M,2/20/17,NA,1701,NA,8/8/18,A,"alive, current experimental animal"
17704566,M,2/20/17,2,1702,1182 F x 1229 M ,NA,,
17704565,F,2/22/17,3,1703,1540 F x 1534 M,4/18/17,Y,SAC 4/18/17; S x L
18191655,M,3/9/17,4,1704,1537 x 1550,12/16/21,Y,
17708729,F,3/14/17,7,1707,1578 F x 1541,4/19/17,Y,Found dead 4/19/17; S x L
17725934,M,3/14/17,8,1708,1578 F x 1541 M,10/27/17,Y,"SAC 10/27/17; ""pale pups""; strain tupaia belangeri"
17725933,F,3/14/17,9,1709,1578 F x 1541 M,10/27/17,Y,"SAC 10/27/17; ""pale pups""; strain tupaia belangeri"
17710393,F,3/17/17,10,1710,1470x1317,NA,,
17710392,F,3/17/17,11,1711,1470x1317,NA,,
17723228,NA,4/15/17,15,1715,1067x1114,NA,,
17723229,NA,4/15/17,16,1716,1067x1114,NA,,
NA,F,4/23/17,17,1717,,NA,L,
NA,M,4/23/17,18,1718,,NA,L,
17727592,NA,4/27/17,19,1719,1569x1457,NA,,
17727591,NA,4/27/17,20,1720,1569x1457,NA,,
17727593,NA,4/27/17,21,1721,1569x1457,NA,,
17728672,M,5/2/17,22,1722,1542x1538,NA,,
17728673,M,5/2/17,23,1723,1542x1538,NA,,
17769151,M,5/27/17,28,1728,1334x CJ (8362),NA,,
17793622,M,5/27/17,29,1729,1334x CJ (8362),NA,,
17740958,F,6/4/17,30,1730,1529x1503,NA,,
17740959,F,6/4/17,31,1731,1529x1503,NA,,
NA,F,6/4/17,32,1732,,NA,L,
17740961,F,6/5/17,33,1733,1470x1505,NA,,
17740960,F,6/5/17,34,1734,1470x1505,NA,,
NA,M,6/5/17,NA,1735,NA,8/8/18,A,"alive, current experimental animal"
NA,M,6/5/17,NA,1736,NA,7/9/18,Y,SAC
17744654,NA,6/12/17,37,1737,1450 F x 1577 M,NA,,
17746312,NA,6/12/17,38,1738,1450 F x 1577 M,NA,,SRM 
NA,F,6/22/17,39,1739,1373x1403,NA,,
17754267,M,6/22/17,40,1740,1373 x 1403 ,NA,,SRM : FD : OD
17754268,M,7/4/17,41,1741,1578 x 1541,8/28/17,Y,SRM: FD: OD; weight 140 g 8/5/?
17754266,M,7/4/17,42,1742,1578 x 1541 ,8/28/17,Y,SRM FD
17755350,M,7/4/17,43,1743,1578 x 1541,NA,,2 hours intense red 
17765782,NA,7/22/17,44,1744,1540 x 1456 ,10/16/17,Y,ocular RM: normal; SAC 10/16/?; fixed year to 17
17765783,NA,7/22/17,45,1745,1540 x 1456 ,10/16/17,Y,ocular RM: normal; SAC 10/16/?; fixed year to 17
NA,M,7/28/17,NA,1746,NA,8/8/18,A,"alive, current colony member"
17774487,F,8/14/17,47,1747,1067x1114,10/12/17,Y,
17776920,F,8/30/17,51,1751,1285 M x 1272 F ,NA,,SRM FD:OS
17777906,F,8/30/17,52,1752,1285 M x 1272 F ,NA,,SRM: Normal 
17784069,F,9/14/17,53,1753,15100 M x 15106 F,NA,,
17784067,M,9/16/17,55,1755,1542 M x 1538 F,NA,,
17784068,M,9/16/17,56,1756,1542 M x 1538 F,NA,,
17784797,M,9/16/17,57,1757,1542 M x 1538 F,11/9/17,Y,SAC on 11/9/17
17784828,M,9/17/17,58,1758,1251 M x 1221 F ,NA,,
17784827,M,9/17/17,59,1759,1251 M x 1221 F ,11/10/17,Y,SAC on 11/10/? (question mark near date written on card);; fixed year to 17
17784829,F,9/17/17,60,1760,1251 M x 1221 F ,NA,,
17784824,F,9/21/17,61,1761,1470 M x 1505 F ,NA,,
17784826,F,9/21/17,62,1762,1470 M x 1505 F ,NA,,
17784825,F,9/21/17,63,1763,1470 M x 1505 F ,NA,,
17785661,F,9/23/17,64,1764,1582 M x 1321 F ,11/2/17,Y,died 11/2/17 during recovery
17785660,F,9/23/17,65,1765,1582 M x 1321 F ,NA,,
17790016,F,10/6/17,66,1766,1529 M x 1503 F ,NA,,2 hours intense red 
17790018,M,10/6/17,67,1767,1529 M x 1503 F ,NA,,
17790015,F,10/6/17,68,1768,1450 M x 1577 F,NA,,
17790017,F,10/6/17,69,1769,1450 M x 1577 F,NA,,ped 11/11
17790019,F,10/6/17,70,1770,1450 M x 1577 F,NA,,
17796173,F,10/23/17,71,1771,,11/11/18,Y,weight 144.7 g; SAC on 11/11/18 for tissue and blood collection
17796171,F,10/23/17,72,1772,1334 M x CJ F,2/19/19,Y,IORG
17796172,F,10/23/17,73,1773,1334 M x CJ F,2/17/18,Y,
17876093,F,12/1/17,76,1776,1460 x 1454,3/8/21,Y,SAC
NA,F,12/17/17,77,1777,,NA,L,
17813749,F,7/9/17,78,1778,1470 M x 1505 F,NA,,
17813752,F,12/17/17,79,1779,1470 M x 1505 F,NA,,pedestal 1/24/18
NA,M,7/9/15,80,1780,,8/8/18,A,"alive, current colony member"
17813750,M,12/20/17,81,1781,1257 M x 1221 F,NA,,
17813751,F,12/20/17,82,1782,1257 M x 1221 F,NA,,pedestal 1/24/18; SRM:FD
17819638,F,12/23/17,83,1783,1542 M x 1538 F ,10/1/18,Y,
17819635,F,1/7/18,1,1801,1285x1272,NA,,
17819637,F,1/7/18,2,1802,1285 M x 1272 F,3/4/18,Y,
17819634,F,1/8/18,4,1804,1561x1457,NA,,
17819636,F,1/8/18,5,1805,1569 M x 1457 F,3/4/18,Y,
17827445,M,1/26/18,6,1806,1529 M x 1503 F,3/19/18,Y,
17827446,M,1/26/18,7,1807,1529 M x 1503 F,3/12/18,Y,died 3/12/18 during surgery
17827450,F,1/26/18,8,1808,1529x1503,3/19/18,Y,
17827448,M,1/27/18,9,1809,1540 M x 1456 F,3/21/18,Y,SAC 3/21/18 + perfused
17827447,F,1/27/18,10,1810,1540 M x 1456 F,3/8/18,Y,died 3/8/18 during surgery
NA,F,11/16/18,102,18102,,NA,L,
17986881,F,11/12/18,103,18103,,2/12/19,Y,SAC 2/12/19; Cyan: -5: OD
17986885,F,11/12/18,104,18104,,9/13/19,Y,SAC 9/13/19
17986884,M,11/12/18,105,18105,,9/11/19,Y,
17986882,M,11/22/18,106,18106,,1/22/19,Y,
17986883,F,11/23/18,108,18108,,2/12/19,Y,SAC on 2/12/2019; Cyan: -5: OD/ plano os
17994931,F,12/8/18,109,18109,,2/13/19,Y,
17827449,M,1/27/18,11,1811,1540x1456,3/26/18,Y,
17994932,M,12/8/18,110,18110,,6/13/19,Y,
17994933,F,12/8/18,111,18111,,12/16/19,Y,
18001179,M,12/25/18,113,18113,,1/22/20,Y,SAC 1/22/20
18001180,F,12/25/18,114,18114,,1/21/20,Y,SAC 1/21/20
17836037,M,2/9/18,12,1812,1334 X CJ,4/5/18,Y,
17836036,M,2/9/18,13,1813,1334 M x CJ F,NA,,
17836034,F,2/13/18,14,1814,15100 M x 15106 F,NA,,
17836035,F,2/13/18,15,1815,15100 M x 15706 F,NA,,
17836033,F,2/13/18,16,1816,15100 M x 5106 F,NA,,
17840787,M,2/18/18,18,1818,1450x1577,NA,,
17840785,M,2/18/18,19,1819,1450x1577,NA,,
NA,F,2/22/18,20,1820,1578 M x 1114 F,NA,L,
17840786,F,2/22/18,21,1821,1578x1114,NA,,
17850304,F,3/23/18,22,1822,1576 M x 1718 F,NA,,
17850305,M,3/23/18,23,1823,1576x1718,6/14/18,Y,
18182005,F,4/3/18,24,1824,1732x1704,4/6/21,Y,SAC on 4/6/21 
17856897,F,4/3/18,25,1825,1732x1704,6/28/18,Y,
17856902,M,4/10/18,26,1826,1569 M x 1457 F ,5/18/18,N,pup died in maternal next - see pathology
17856896,M,4/10/18,27,1827,1569 M x 1457 F,NA,,
NA,M,4/15/18,28,1828,1401 M x 1452 F ,NA,L,
17856900,F,4/15/18,29,1829,1401 M x 1452 F ,NA,L,
17860847,M,4/22/18,30,1830,1285 M x 1272 F,6/14/18,Y,
17860846,M,4/22/18,31,1831,1285 M x 1272 F,6/14/18,Y,SAC on 6/14/18
17865629,M,4/22/18,32,1832,1546 M x 1706 F,8/8/18,A,"alive, current colony member"
17883732,M,5/2/18,33,1833,1540x1456,8/6/18,Y,
17864858,F,5/2/18,34,1834,1540 F x 1456 M ,NA,,SRM 
17864859,F,5/2/18,35,1835,1540 F x 1456 M ,NA,,SRM
NA,M,4/28/18,36,1836,,NA,L,
NA,M,5/11/18,37,1837,,NA,L,
17867262,F,5/11/18,38,1838,1470 M x 1503 F,NA,,
17867263,F,5/11/18,39,1839,1470 M x 1503 F,NA,,
17951724,F,5/14/18,40,1840,1373x1704,NA,,
17875674,M,6/1/18,47,1847,1506 M x 1229 F,NA,,
17875673,M,6/1/18,48,1848,1506 M x 1229 F,NA,,
18092582,F,5/31/18,49,1849,15101 x 15106,NA,,duplicate card
17876785,F,6/6/18,50,1850,1529X1503,8/6/18,Y,experimental animal
NA,M,6/15/18,52,1853,15100 M x 15106 F,NA,L,
17889946,M,7/1/18,55,1855,1450 M x 1577 F,8/19/19,Y,euth 8/19/2018; found sick + not moving
NA,F,7/17/18,57,1857,,NA,L,
NA,M,7/17/18,NA,1858,NA,8/8/18,A,"alive, current colony animal, Hand raised pup"
17943220,F,7/17/18,59,1859,1576x1718,9/25/18,Y,
NA,F,7/21/18,61,1861,,NA,L,
17493218,M,7/23/18,62,1862,1732 M x 1704 F,9/15/18,Y,SAC on 9/15/2018; SRM
17943219,F,7/23/18,63,1863,1732 M x 1704 F,9/15/18,Y,SAC on 9/15/18; SRM 
17954341,F,8/24/18,67,1867,1373 M x 1704 F ,10/15/18,Y,SAC 10/15/18; pedestal 9/26 Rv 
17957478,F,8/26/18,69,1869,,10/16/18,Y,
17957479,M,7/10/18,70,1870,,NA,,pedestal 10/7/18 Rv
NA,F,8/28/18,71,1871,,NA,L,
17957671,M,8/30/18,72,1872,,10/9/18,Y,pedestal 10/9/18
17957672,M,8/30/18,73,1873,,NA,,pedestal 10/8/18
17957669,M,8/24/18,75,1875,,11/25/18,Y,experimental animal
17957481,F,8/30/18,77,1877,,10/25/18,Y,
17957673,M,9/3/18,78,1878,,11/27/18,Y,SAC on 11/27/18
17957674,M,9/3/18,79,1879,,11/27/18,Y,SAC on 11/27/18
17957675,F,9/6/18,80,1880,,12/4/18,Y,SAC on 12/14/18
17957676,M,9/6/18,81,1881,,12/4/18,Y,SAC on 12/14/18
17965097,F,9/9/18,83,1883,,11/9/18,Y,
17975943,M,9/9/18,84,1884,,4/10/19,Y,experimental animal
17956542,F,9/27/18,86,1886,,NA,,
17976974,F,10/12/18,87,1887,,NA,,
17957481,F,10/12/18,88,1888,,NA,,
17976976,M,10/13/18,90,1890,,12/10/18,Y,
18006133,F,10/27/18,92,1892,,2/18/19,Y,SAC 2/18/19; weight 123g
17976973,F,10/17/18,93,1893,,2/18/19,Y,SAC on 2/18/19
17976977,M,10/23/18,94,1894,,12/19/18,Y,
17976980,M,10/23/18,95,1895,,1/15/19,Y,
17976981,M,10/23/18,96,1896,,1/15/19,Y,
17976978,M,10/26/18,97,1897,,8/28/19,Y,
17976979,F,10/26/18,98,1898,,9/17/19,Y,SAC on 9/17/19 
17999238,M,1/5/19,1,1901,,1/28/19,Y,
18007916,F,1/15/19,3,1903,,3/26/19,Y,
17998722,M,1/24/19,4,1904,1537x1780,2/6/19,N,
17998723,F,1/24/19,5,1905,1537 x 1780,1/29/19,N,"died 1/29/19, diarrhoea"
17998725,F,1/27/19,7,1907,1322 x 1447,2/9/19,N,"died 2/9/19, diarrhoea"
18007917,F,1/15/19,8,1908,1820x1317,3/18/19,Y,
NA,F,9/24/19,100,19100,,NA,L,
18018151,F,11/16/18,102,19102,1322 x 1447,NA,,duplicate card
18105449,M,9/24/19,103,19103,1920 F x 1922 M,11/12/19,Y,"found dead 11/22/19; SRM, FD:OD; experimental animal"
18112494,M,10/14/19,105,19105,1334 x 1321,12/17/19,Y,SAC on 12/17/19; animal ID says 19108 M x R
18112507,M,7/11/19,106,19106,1334 x 1321,12/8/19,Y,OD:FD or OD:-5D
NA,F,10/4/19,107,19107,1334x1321,NA,L,
18112495,M,10/16/19,108,19108,1871 x 1853,12/17/19,Y,SAC on 12/17/19; animal ID says 19108 M x R
18115726,F,10/16/19,109,19109,,NA,,duplicate card
18011556,F,1/19/19,11,1911,1717 x 1538,NA,,Normal ORM
NA,F,10/16/19,110,19110,,NA,L,
NA,F,10/25/19,112,19112,,NA,L,
18112496,M,7/11/19,113,19113,1596 x 1718,NA,,pedestal 12/6/19 Rv
18112508,F,10/25/19,114,19114,1576 x 1718,NA,,
18112497,F,10/27/19,115,19115,1861x1858,7/15/20,Y,
18112509,F,10/27/19,116,19116,1861 x 1858,NA,,
18112510,M,10/27/19,118,19118,15100 x 1832,NA,,
NA,M,10/27/19,119,19119,,NA,L,
18007919,M,1/19/19,12,1912,1717x1538,3/18/19,Y,
NA,F,10/28/19,120,19120,,NA,L,
18222674,M,10/28/19,121,19121,1537 x 1780,6/27/22,Y,
18121417,F,11/4/19,124,19124,1776x1505,4/12/22,N,
NA,F,11/12/19,125,19125,,NA,L,
18121051,M,11/26/19,129,19129,1732 x 1704 ,NA,,1/16/20 ??? random date on back of card
18011557,F,1/23/19,13,1913,1776 X 1505,1/14/20,Y,SAC 1/14/20; -10D ORM
18121049,F,11/26/19,131,19131,1732 x 1704 ,NA,,
18121053,M,11/26/19,132,19132,1820 x 1937,NA,,
18121050,F,12/26/19,133,19133,1820 x 1937,1/21/20,Y,SAC on 1/21/20
NA,F,11/26/19,135,19135,,NA,L,
18125617,F,11/28/19,138,19138,,4/6/21,Y,SAC on 4/6/21 
18125618,F,12/2/19,139,19139,,1/21/20,Y,SAC 1/21/20
18125620,F,12/2/19,140,19140,1857 F x 1836,NA,,"19140 x R; Amber, CFL "
18125619,M,12/2/19,141,19141,1857 x 1836,1/4/21,Y,
NA,M,12/24/19,142,19142,,NA,L,
18135314,M,12/24/19,143,19143,,2/18/20,Y,"SAC on 2/18/20; Amber Goggle ""Mask"" "
18135315,F,12/24/19,144,19144,,2/18/20,Y,"SAC on 2/18/20 ; weight: 128g weaning; Amber Filter ""CFL"""
18135317,F,12/24/19,145,19145,,NA,,SRM:-5D:OD
NA,M,12/24/19,146,19146,,NA,L,
18135318,F,12/24/19,148,19148,,10/9/20,Y,
18029921,F,2/4/19,17,1917,1777 x 1750,11/11/21,Y,"SAC on 11/11/21, scratched eye, cornea damage; breeder"
NA,F,2/15/19,20,1920,,NA,L,
NA,M,3/6/19,22,1922,,NA,L,
18024422,M,4/15/19,23,1923,,6/13/19,Y,
18024423,M,4/15/19,24,1924,,6/13/19,Y,
18024424,F,3/10/19,25,1925,,6/13/19,Y,
18033941,F,3/25/19,28,1928,1334xStewie,8/9/21,N,
18033946,F,3/25/19,29,1929,1334 x Stewie,2/10/20,Y,"SAC 2/10/20, weight 135g; ORM:-10D:Bino"
18033936,F,3/25/19,30,1930,1334xStewie ,6/4/19,Y,
18033947,M,10/23/19,32,1932,1537 x 1780,10/23/19,Y,ORM:Normal
18033938,F,3/28/19,33,1933,,6/9/19,N,
NA,M,4/3/19,37,1937,1829 x 1538,NA,L,
18036198,M,4/3/19,38,1938,1871 x 1853,NA,,transfer to colony
18036201,M,4/3/19,39,1939,,3/19/20,Y,normal
NA,M,4/5/19,42,1942,,NA,L,
18036202,F,4/5/19,43,1943,,12/20/19,Y,weight 131g
NA,F,4/17/19,44,1944,,NA,L,
18042548,M,4/17/19,45,1945,1861x1858,6/15/19,Y,
18042552,M,4/21/19,48,1948,1820 x 1317,3/25/20,Y,
NA,M,4/21/19,49,1949,,NA,L,
18042553,F,4/21/19,50,1950,1820 F x 1317 M,3/25/20,Y,
18042549,F,4/21/19,51,1951,1820x1317,6/6/19,Y,
18110703,F,5/12/19,55,1955,,8/31/20,Y,
18049631,M,5/12/19,56,1956,1840 x 1456,7/26/21,Y,SAC on 7/26/21
18110704,F,5/14/19,58,1958,,7/21/20,Y,Dam: 1450
18049635,F,5/21/19,62,1962,,NA,,
18057464,F,6/7/19,64,1964,1857 x 1836 ,4/6/21,Y,SAC on 4/6/21; cataract 
18057467,M,6/7/19,67,1967,1569 x 1954,4/6/21,Y,SAC on 4/6/21 
18057468,F,7/11/19,69,1969,1569 x 1454,NA,,
18073334,M,7/13/19,73,1973,,9/24/19,Y,SAC on 9/24/19
18073335,M,7/8/19,74,1974,,10/1/19,Y,
18073963,F,7/18/19,75,1975,,5/6/21,Y,"SAC on 5/6/21; skinny not eating, weight at 100g"
18073336,F,7/11/19,77,1977,,9/30/19,Y,SAC on 9/30/19
18073960,M,7/11/19,78,1978,1871 x 1853,7/15/20,Y,found dead in cage 7/15/20; experimental animal
18073971,M,7/21/19,81,1981,1861 F x 1858 M,10/16/19,Y,SAC on 10/16/19; normal
18073959,M,7/25/19,84,1984,1546x1321,NA,N,
NA,F,7/25/19,86,1986,,NA,L,
18073972,M,7/30/19,88,1988,1820 x 1317,10/16/19,Y,-10D:OD
18119257,F,9/3/19,96,1996,1857 F x 1836 M,1/8/20,Y,euthanized 1/8/20
18105443,M,9/24/19,98,1998,,4/28/20,Y,found dead in cage 4/28/20; experimenal animal
18105156,M,10/24/19,99,1999,,11/19/19,Y,SAC 11/19/19
18135316,F,1/7/20,2,2002,,3/3/20,Y,"SAC on 3/3/20; multifocal, multispectral "
18135319,M,1/7/20,3,2003,,2/28/20,Y,SAC on 2/28/20; SRM -5D:OS
18145172,M,1/24/20,4,2004,,3/10/20,Y,SAC 3/10/20
18145170,M,1/24/20,6,2006,,5/11/21,Y,RPB #4
18145171,F,1/24/20,7,2007,,1/10/22,Y,RPB #3
NA,F,2/2/20,8,2008,,NA,L,
NA,F,2/2/20,9,2009,,NA,L,
NA,M,2/11/20,10,2010,,NA,L,
18201650,F,8/31/20,104,20104,1829x 1938,10/19/20,Y,
18200074,F,7/12/20,105,20105,1829 x 1938,NA,,
18200075,F,9/3/20,106,20106,1776 x 1505,NA,,
NA,M,9/3/20,108,20108,,NA,L,
18200079,F,9/3/20,110,20110,1871x1853,NA,,
18200080,M,9/3/20,111,20111,1871 x 1853,NA,,
18200082,M,9/1/20,113,20113,1717x1538,NA,,
18202681,F,9/10/20,117,20117,2024 x 2012,10/17/20,Y,
NA,F,9/10/20,118,20118,,NA,L,
NA,F,9/10/20,119,20119,,NA,L,
NA,M,2/23/20,12,2012,,NA,L,
18202682,M,9/10/20,120,20120,,11/28/20,Y,SAC on 11/28/20; -5 OD
18206362,F,9/10/20,121,20121,2015 x 2023,3/1/23,Y,
NA,M,9/10/20,122,20122,,NA,L,
18202683,F,9/10/20,123,20123,1529 F x 1937 M,10/27/20,Y,"SAC on 10/27/20, -5 OD"
18207845,M,9/16/20,126,20126,1920 x 1922,11/3/20,Y,
18207848,F,9/16/20,127,20127,1920 x 1922,11/11/20,Y,SAC on 11/11/2020
18207850,M,9/16/20,129,20129,19110x1931,11/1/20,Y,
18167576,F,2/23/20,13,2013,1576 x 1718,5/11/21,Y, RPB #5
18207846,M,9/16/20,131,20131,19110x1931,NA,,
18212160,F,9/29/20,134,20134,1917 x 1828 ,11/12/20,Y,
18212156,M,9/25/20,135,20135,1944x1949,9/25/20,,
18212161,F,9/29/20,137,20137,2019 x 19146,11/19/20,Y,SAC on 11/19/20
NA,M,9/30/20,138,20138,,NA,L,
18212158,F,10/7/20,139,20139,1820x1937,NA,,
NA,F,2/29/20,14,2014,,NA,L,
NA,F,10/7/22,140,20140,,NA,L,
18121263,F,10/7/20,142,20142,1820 x 1937,NA,,
18217144,M,10/25/20,143,20143,,NA,,
18217143,M,10/25/20,144,20144,,12/9/20,Y,
18217145,F,10/25/20,145,20145,,NA,,
18220297,M,10/28/20,147,20147,,12/17/20,Y,
18220298,M,7/12/20,148,20148,,1/16/21,N,found dead 1/16/21; ORM normal
18220299,F,10/28/20,149,20149,,1/15/21,Y,
NA,F,2/29/20,15,2015,,NA,L,
18222853,F,11/10/20,151,20151,,NA,,
18222855,M,11/10/20,152,20152,,12/28/20,Y,
18222854,F,11/10/20,153,20153,,NA,,
NA,F,11/25/20,154,20154,,NA,L,
NA,M,11/25/20,155,20155,,NA,L,
NA,M,12/5/20,157,20157,,NA,L,
NA,F,12/5/20,158,20158,,NA,L,
NA,F,12/5/20,159,20159,,NA,L,
18167578,F,2/29/20,16,2016,15100 x 1832,12/15/20,,2016
18234622,M,12/8/20,164,20164,1871 x 1853,NA,,
NA,M,12/11/20,166,20166,,NA,L,
18234618,M,12/17/20,169,20169,,12/14/21,Y,
NA,M,2/26/20,17,2017,,NA,L,
18234617,F,12/17/20,171,20171,,2/3/21,Y,
18234628,M,12/17/20,175,20175,2015x2023,NA,,
18234615,F,12/17/20,176,20176,,6/7/21,Y,
NA,M,12/17/20,177,20177,,NA,L,
18234616,M,12/17/20,178,20178,,6/7/21,Y,
NA,M,12/17/20,179,20179,,NA,L,
NA,M,12/25/20,181,20181,,NA,L,
NA,M,12/25/20,183,20183,,NA,L,
NA,F,12/25/20,184,20184,,NA,L,
NA,F,12/29/20,187,20187,,NA,L,
18237956,F,12/29/20,188,20188,,NA,,
18237957,F,12/29/20,189,20189,,NA,,
18152301,F,2/26/20,19,2019,1776x1505,12/28/20,N,
18237958,F,12/29/20,190,20190,,NA,,
NA,F,3/13/20,20,2020,,NA,L,
NA,F,3/13/20,21,2021,,NA,L,
18154972,F,7/12/20,22,2022,1857 x 1836,NA,,
NA,M,3/13/20,23,2023,,NA,L,
18154974,F,3/13/20,24,2024,,NA,,
18154975,M,3/17/20,25,2025,1717 x 1538,NA,,duplicate card
18154976,F,7/12/20,26,2026,1917 x 1538,NA,,
18154977,M,3/24/20,27,2027,1917x1828,NA,,
18154979,M,3/24/20,29,2029,1917x1828,NA,,
NA,F,3/24/20,30,2030,,NA,L,
NA,F,3/24/20,31,2031,,NA,L,
18158191,M,3/24/20,32,2032,1920x1922,NA,,
NA,F,3/24/20,33,2033,,NA,L,
18158192,M,3/26/20,35,2035,1732 x 1704 ,NA,,
NA,M,3/31/20,36,2036,,NA,L,
18159030,M,3/31/20,37,2037,1820 x 1937,NA,,
NA,M,4/1/20,39,2039,,NA,L,
NA,F,4/1/20,40,2040,1928 x 1942,5/10/22,N,found dead at male 5/10/22 
18159032,M,4/1/20,41,2041,1928 x 1942,NA,,
NA,M,4/13/20,42,2042,,NA,L,
18159031,M,4/13/20,43,2043,1829 x 1938,NA,,
18159033,M,4/13/20,44,2044,1829 x 1938,NA,,
NA,M,4/14/20,45,2045,,NA,L,
18159034,M,4/14/20,46,2046,1840x1956,NA,,
18159035,M,4/21/20,47,2047,1578 x 1837,NA,,transfer to colony
NA,M,4/21/20,48,2048,,NA,L,
18158193,F,7/12/20,49,2049,1920 x 1922,NA,,spare female 
NA,F,4/23/02,NA,205,NA,9/25/08,Y,"poor breeder, old age, used for expt"
NA,M,5/26/20,50,2050,,NA,L,
18175256,F,5/26/20,51,2051,1861 x 1858,NA,,"600 red, 600 white"
18175257,F,7/12/20,52,2052,1797 x 1750,NA,,
18175255,M,5/26/20,53,2053,1777 x 1750,NA,,"SRM, -5 OD"
18175252,M,5/26/20,54,2054,1777 x 1750 ,6/1/21,Y,SAC on 6/1/21; ORM 
18175258,M,7/12/20,56,2056,1529 x 1937,NA,,
18175253,M,6/2/20,57,2057,1529x1937,10/7/20,Y,died during surgery
18220436,M,6/8/20,58,2058,1776 x 1505,1/29/21,Y,
18187668,F,6/8/20,59,2059,1776 x 1505,NA,N,"found dead 10/18, 2 pups in cage dead; breeder"
18178589,M,6/10/20,60,2060,1871 x1853,1/21/21,Y,SAC on 1/21/21; ORM
18220437,F,6/10/20,61,2061,1871x1853,2/24/22,N,
NA,M,6/10/20,62,2062,1871 x 1853,NA,L,
18176000,M,6/10/20,64,2064,1717 x 1538,NA,,
18175999,M,6/10/20,65,2065,1717 x 1538,NA,,
18178588,M,7/12/20,66,2066,1717 x 1538,NA,,fixed animal id 2020 to 2066
NA,M,6/11/20,67,2067,,NA,L,
NA,F,6/11/20,68,2068,,NA,L,
18181274,F,6/18/20,69,2069,,8/30/20,Y,SAC 8/20; ORM
18181275,M,6/18/20,72,2072,,9/2/20,Y,SAC on 9/2/2020; ORM; normal
18181276,M,6/18/20,73,2073,,9/2/20,Y,SAC on 9/2/2020; ORM 
18181272,M,7/12/20,74,2074,,NA,,SRM
18181277,F,6/18/20,76,2076,,NA,,ORM; -10:OD:OS
18182002,M,7/31/20,77,2077,1944x1949,NA,,
18181273,M,7/4/20,78,2078,,NA,,SRM:-5D:OD
18181270,M,7/4/20,79,2079,,NA,,alternating red/white 
18187351,F,7/12/20,83,2083,1576x1718,NA,,
18187356,F,7/8/20,84,2084,1820 x 1937; ORM ,9/22/20,Y,SAC on 9/22/2020
NA,F,7/8/20,85,2085,,NA,L,
18187353,F,7/8/20,86,2086,1820 x 1937,NA,,
18187355,M,7/13/20,88,2088,1928 X 1942,NA,,
NA,F,7/18/20,89,2089,,NA,L,
18190666,F,7/18/20,90,2090,,9/3/20,Y,SAC on 9/3/2020; SRM - Grytz; half alens -5D
18190665,M,7/18/20,91,2091,,NA,,Gawne. Alternating Red/White 
18194420,F,8/5/20,92,2092,,9/22/20,Y,SAC on 9/22/2020
18196676,F,8/5/20,93,2093,19120 x 2010,5/10/21,Y,
18196677,M,8/5/20,94,2094,19120 x 2010,9/24/21,Y,SAC on 9/24/21 control stem cell 
18194421,F,10/6/20,95,2095,,10/6/20,Y,SAC on 10/6/2020; SRM -5 D/OD
18196693,M,8/18/20,96,2096,19124 X 19146,NA,,
NA,M,8/18/20,97,2097,,NA,L,
NA,M,8/18/20,98,2098,,NA,L,
18196696,M,8/18/20,99,2099,2008 x 19142,NA,,
NA,F,7/10/00,NA,21,NA,2/11/05,Y,"used for experiment, old age and poor breeder"
NA,F,1/12/21,5,2105,,NA,L,
NA,M,1/12/21,6,2106,,NA,L,
NA,M,1/7/21,9,2109,,NA,L,
18248457,F,1/23/21,10,2110,1529 x 1937,NA,,
NA,M,6/11/21,101,21101,,NA,L,
NA,M,6/11/21,102,21102,,NA,L,
18295065,F,6/11/21,103,21103,2008 x 19142,8/11/21,Y,
18295066,M,6/11/21,104,21104,2008 x 19142,8/11/21,Y,
18295079,M,6/15/21,107,21107,2059 x 1704,NA,,
NA,M,6/15/21,108,21108,,NA,L,
NA,F,6/15/21,109,21109,,NA,L,
NA,F,6/22/21,110,21110,,NA,L,
NA,F,6/22/21,111,21111,,NA,L,
NA,M,6/22/21,113,21113,,NA,L,
NA,M,6/22/21,114,21114,,NA,L,
NA,F,6/22/21,117,21117,,NA,L,
18298760,M,6/22/21,118,21118,1871 x 1853,NA,,ship
NA,M,6/22/21,119,21119,,NA,L,
NA,M,1/26/21,12,2112,,NA,L,
NA,M,6/22/21,120,21120,,NA,L,
NA,M,6/22/21,121,21121,,NA,L,
NA,F,6/22/21,122,21122,,NA,L,
NA,M,6/22/21,124,21124,,NA,L,
NA,F,6/23/21,126,21126,,NA,L,
18298751,F,6/22/21,127,21127,1820x1937,NA,,
NA,F,7/1/21,129,21129,,NA,L,
18250332,M,1/27/21,13,2113,2021x2042,NA,,
NA,F,7/1/21,130,21130,,NA,L,
NA,M,7/1/21,131,21131,,NA,L,
NA,M,7/1/21,132,21132,,NA,L,
18298756,F,7/1/21,136,21136,1917 x 1828,3/1/23,Y,
NA,F,7/1/21,137,21137,,NA,L,
NA,M,1/27/21,14,2114,,NA,L,
NA,F,7/8/21,140,21140,,NA,L,
18305280,F,7/8/21,141,21141,2020x2048,NA,,
NA,F,8/8/21,143,21143,,NA,L,
NA,M,8/8/21,144,21144,,NA,L,
NA,M,8/21/21,145,21145,,NA,L,
18248459,F,2/8/21,15,2115,1578 x 15106,4/6/21,Y,
NA,M,9/15/21,151,21151,,NA,L,
18257049,F,2/15/12,16,2116,1717x1538,NA,,
18330694,M,9/28/21,162,21162,19100 x 1538,NA,,ship
NA,F,9/28/21,164,21164,,NA,L,
NA,F,2/15/21,17,2117,,NA,L,
NA,M,10/12/21,175,21175,,NA,L,
18330693,F,10/12/21,176,21176,19135x2050,NA,,
18339156,M,10/25/21,178,21178,19124 x 19146,NA,,ship
18339158,M,10/25/21,181,21181,2024 x 2012,NA,,ship
18341459,F,11/12/21,188,21188,,NA,,
NA,M,11/12/21,189,21189,,NA,L,
NA,M,2/18/21,19,2119,,NA,L,
NA,M,11/12/21,190,21190,,NA,L,
18341462,F,11/12/21,191,21191,19110 x 1828 ,7/25/22,N,found dead 7/25/2022 
NA,F,11/15/21,193,21193,,NA,L,
18345773,M,11/15/21,194,21194,,NA,,
NA,F,11/23/21,196,21196,,NA,L,
18345775,M,11/23/21,197,21197,,NA,,
18345776,M,11/23/21,198,21198,1820x1937,NA,,
18345777,F,11/23/21,199,21199,,NA,,
NA,F,2/4/02,NA,212,NA,6/6/06,Y,"removed poor breeder, SAC"
NA,M,2/18/21,20,2120,,NA,L,
18255020,F,2/17/21,21,2121,,NA,,
18255021,M,2/21/21,22,2122,,NA,,
18260761,M,3/4/21,24,2124,,NA,,
NA,M,3/4/21,25,2125,,NA,L,
NA,F,3/4/21,26,2126,,NA,L,
18260762,F,3/4/21,27,2127,,NA,,
18260763,F,3/4/21,28,2128,,NA,,
18260764,F,3/19/21,29,2129,1861 x 1858,NA,,
NA,F,2/6/02,NA,213,NA,11/18/02,N,found dead in cage
18260752,M,3/17/21,36,2136,,6/7/21,Y,
18261540,M,3/25/21,38,2138,19112 x 19122,NA,,
NA,M,3/25/21,39,2139,,NA,L,
NA,M,3/17/21,40,2140,,NA,L,
NA,F,3/17/21,41,2141,,NA,,
18260766,M,3/17/21,42,2142,,NA,,
18268589,M,3/25/21,43,2143,19112x19122,NA,,
18261535,F,3/22/21,45,2145,2024x2012,6/2/21,Y,
18261537,F,3/22/21,47,2147,2024 x 2012,5/28/21,Y,"SAC on 5/28/21; animal ID says 2147 F x R, -5 OD, colony 2HR red"
NA,F,3/22/21,48,2148,,NA,L,
NA,F,3/22/21,49,2149,,NA,L,
NA,M,10/12/02,NA,215,NA,1/30/06,Y,"animal wet and inactive, euthanised when didn't recover"
18261538,F,3/22/21,50,2150,1829 x 1938,NA,,
18268593,F,3/22/21,15,2151,1829x1938,NA,,
18261539,M,3/25/21,52,2152,1840 x 1656,NA,,
NA,F,3/25/21,53,2153,,NA,L,
18268587,F,3/25/21,54,2154,1840 x 1456,NA,,breeding
NA,M,3/25/21,55,2155,,NA,L,
18269341,M,4/4/21,56,2156,,NA,,
18269342,M,4/4/21,57,2157,,NA,,
18269340,M,4/4/21,58,2158,1917 x 1828,NA,,breeding
NA,F,4/24/21,59,2159,,NA,L,
NA,F,10/12/02,NA,216,NA,5/5/08,N,"??? No cause of death, maybe old age"
18275585,F,4/24/21,60,2160,,NA,,
18275586,F,4/24/21,61,2161,,NA,,
18275587,F,4/24/21,62,2162,,NA,,
18275571,F,4/27/21,64,2164,,NA,,
18275588,M,4/27/21,65,2165,,NA,,
18275572,M,4/27/21,66,2166,,NA,,
18276785,F,4/27/21,67,2167,2089 x 1780,NA,,
18276781,M,4/27/21,68,2168,,NA,,
18276782,M,4/27/21,69,2169,2089 x 1780,NA,,
NA,M,10/12/02,NA,217,NA,4/1/08,Y,"skin irritation, fur loss, poor health, euthanised"
NA,F,5/10/21,73,2173,,NA,L,
NA,M,5/10/21,74,2174,,NA,L,
NA,F,5/10/21,75,2175,,NA,L,
NA,F,5/28/21,76,2176,,NA,L,
NA,F,5/7/21,77,2177,,NA,L,
18291714,F,5/28/21,79,2179,2033 x 2045,NA,,
NA,M,11/13/02,NA,218,NA,6/14/05,N,"found dead with female, no fighting noticed"
18290143,F,6/1/21,80,2180,,7/29/21,Y,
18290140,M,6/1/21,81,2181,,7/29/21,Y,
NA,F,6/1/21,84,2184,,NA,L,
NA,M,6/1/21,85,2185,,NA,L,
NA,F,6/1/21,86,2186,,NA,L,
18291716,F,6/4/21,87,2187,19120x2010,10/12/21,Y,
NA,F,11/13/02,NA,219,NA,11/1/04,N,fighting with male in cage
NA,M,6/7/21,93,2193,,NA,L,
NA,M,6/7/21,94,2194,,NA,L,
18293651,M,6/7/21,95,2195,1578x15106,NA,,
18293646,F,6/11/21,96,2196,19125 x 2062,NA,,
NA,M,7/10/00,NA,22,NA,9/21/06,Y,"limping, deteriorating condition, euthanised"
18354407,F,1/1/22,1,2201,2089x1942,NA,,
18354408,F,2/8/22,2,2202,2089x1942,NA,,
18354409,F,1/1/22,3,2203,2126 x 1718,NA,,
18354410,M,1/1/22,4,2204,2126 x 1718,NA,,
18354411,F,1/1/22,5,2205,2021x2042,NA,,
18354412,M,1/1/22,6,2206,2021x2042,NA,,
NA,F,11/13/02,NA,221,NA,1/18/07,N,found dead in cage
NA,M,7/18/22,100,22100,,NA,L,
NA,F,7/14/22,102,22102,,NA,L,
18417602,M,7/25/22,105,22105,1920 x 1922,NA,,
NA,M,7/14/22,106,22106,,NA,L,
18420517,F,7/22/22,107,22107,,NA,,
18420518,M,7/22/22,108,22108,2173 mom ,NA,,weight 150g; large jackes? with holes 
18420515,M,7/25/22,109,22109,,NA,,00 lens 
NA,F,8/5/22,111,22111,,NA,L,
18422732,F,8/5/22,122,22112,,NA,,
18422733,F,8/5/22,113,22113,,NA,,
18429917,M,8/28/22,116,22116,19110 x 1828,NA,,
18429918,M,8/24/22,117,22117,2126 x 1718,NA,,
18429919,F,8/24/22,118,22118,,NA,,
NA,F,9/11/22,119,22119,,NA,L,
NA,F,9/11/22,120,22120,,NA,L,
18437798,F,9/11/22,121,22121,2089 x 2042,NA,,
NA,F,9/17/22,122,22122,,NA,L,
18442327,M,10/20/22,123,22123,,NA,,
NA,F,9/11/22,125,22125,,NA,L,
18442328,F,10/25/22,127,22127,,NA,,
18445444,M,10/11/22,128,22128,,NA,,
18445446,F,10/28/22,134,22134,,NA,,
NA,F,10/25/22,136,22136,,NA,L,
NA,F,10/26/22,138,22138,,NA,L,
NA,F,11/2/22,139,22139,,NA,L,
18459814,M,12/11/22,144,22144,1820 x 1937,2/27/23,Y,
18366830,F,2/22/22,15,2215,,NA,,
NA,M,12/13/22,151,22151,,NA,L,
18459817,F,12/11/22,154,22154,19110 x 1828,2/27/23,Y,
18459819,F,12/12/22,156,22156,2126 x 1718,2/27/23,Y,
18366831,F,2/22/22,16,2216,,1/27/23,,
18366832,F,2/22/22,17,2217,,6/21/22,Y,
18366833,F,2/22/22,18,2218,,6/21/22,Y,
NA,F,3/3/22,26,2226,,NA,L,
18376567,M,3/2/22,27,2227,,NA,,
NA,F,3/1/22,28,2228,,NA,L,
18374949,M,3/1/22,29,2229,1578 x 1505,5/29/22,N,
18376568,F,3/8/22,32,2232,,6/6/22,Y,
18376569,M,3/8/22,33,2233,,NA,,
NA,F,3/8/22,37,2237,,NA,L,
18376571,M,3/8/22,38,2238,,NA,,
18387497,F,3/26/22,41,2241,1871 x 1853,NA,,
NA,M,3/26/22,42,2242,,NA,L,
18387499,M,3/26/22,43,2243,1871 x 1853,6/21/22,Y,
18387500,F,3/26/22,44,2244,19125 x 2062,6/21/22,Y,
18387501,F,3/26/22,45,2245,2009 x 2039,6/17/22,Y,
18387502,F,4/4/22,50,2250,19112 x 19122,6/21/22,Y,
18388805,F,4/16/22,51,2251,2014 x 2140,6/1/22,Y,
18388801,M,4/19/22,52,2252,2030 x 2067,NA,,
18388802,F,4/19/22,53,2253,2030 x 2067,NA,,
18388803,F,4/17/22,54,2254,2033 x 2045,6/2/22,Y,
18388804,F,4/17/22,55,2255,2033 x 2045,NA,,
18394821,M,5/8/22,56,2256,2126 x 1718,NA,,
18394832,M,5/8/22,57,2257,2126 x 1718,NA,,
18394833,F,5/8/22,58,2258,2126 x 1718,8/25/22,Y,
NA,F,5/8/22,59,2259,1829 x 1538,3/21/23,Y,
18394835,F,5/8/22,60,2260,1829 x 1538 ,8/25/22,Y,SAC 8/25/22 tissue
18394836,M,5/8/22,61,2261,1829 x 1538,3/21/23,Y,
18407916,F,6/15/22,66,2266,,8/31/22,Y,
NA,M,12/13/02,NA,227,NA,9/24/07,N,found dead in cage
18407497,F,6/24/22,76,2276,,NA,,
18407917,F,6/24/22,77,2277,,NA,,
18407918,F,6/24/22,78,2278,,NA,,
18407919,M,6/24/22,79,2279,,8/30/22,Y,
NA,M,12/12/02,NA,228,NA,11/24/03,N,"fighting with female in cage, found dead"
18412309,F,6/27/22,83,2283,,NA,,
NA,F,6/25/22,85,2285,,NA,L,
18413066,F,6/25/22,87,2287,,10/27/22,Y,
18412310,F,6/29/22,88,2288,,10/27/22,Y,
18412311,M,6/29/22,89,2289,,10/27/22,Y,
NA,F,7/8/22,91,2291,,NA,L,
NA,F,7/8/22,92,2292,,NA,L,
18417598,M,7/11/22,93,2293,2020 x 2048,NA,,
18147599,F,7/11/22,94,2294,2020 x 2048,NA,,
NA,F,7/18/22,95,2295,,NA,L,
18417600,F,7/18/22,97,2297,2030 x 2067,10/27/22,Y,
NA,F,7/10/00,NA,23,NA,10/24/05,N,found dead in cage with new litter of pups
18476371,M,1/26/23,1,2301,,3/16/23,Y,
NA,F,2/23/23,14,2314,,NA,L,
NA,F,3/3/23,18,2318,,NA,L,
NA,F,3/3/23,19,2319,,NA,L,
NA,M,12/16/02,NA,232,NA,4/1/08,Y,euthanised due to old age
NA,M,3/3/23,20,2320,,NA,L,
NA,F,4/1/23,27,2327,,NA,L,
NA,M,4/4/23,29,2329,,NA,L,
NA,F,4/10/23,31,2331,,NA,L,
NA,F,4/22/23,41,2341,,NA,L,
NA,M,5/2/23,42,2342,,NA,L,
NA,F,5/15/23,45,2345,,NA,L,
NA,M,5/16/23,47,2347,,NA,L,
NA,F,5/26/02,NA,248,NA,11/8/03,N,found dead in cage
NA,M,5/14/89,NA,255,NA,12/12/93,,??? No cause of death
NA,F,7/13/02,NA,259,NA,2/24/06,Y,"removed poor breeder, SAC"
NA,F,8/8/00,NA,27,NA,10/23/02,N,"attacked by male, died the next day when on own"
NA,F,9/8/00,NA,29,NA,1/27/04,N,found dead in cage with male
NA,M,9/8/00,NA,30,NA,10/31/06,N,found dead while alone
NA,M,1/1/03,NA,302,NA,3/15/05,Y,"Killed two females, removed from breeding for expt"
NA,F,1/28/03,NA,306,NA,5/14/06,N,found dead with two newborn pups
NA,F,3/8/03,NA,309,NA,10/9/07,N,found dead after male removed from cage
NA,F,3/8/03,NA,310,NA,3/27/04,N,"blood in cage, bitten by male"
NA,M,6/19/03,NA,329,NA,11/18/05,Y,"possible diabetic, poor health, euthanised"
NA,M,9/11/00,NA,33,NA,8/17/06,Y,euthanised for expt due to poor health
NA,M,6/30/03,NA,338,NA,1/16/04,N,"found dead, fighting with female"
NA,F,7/30/03,NA,342,NA,2/17/04,N,"found dead, fighting with male"
NA,M,9/10/03,NA,347,NA,6/17/09,N,"old age, poor health, found dead in cage"
NA,F,9/18/03,NA,353,NA,9/18/05,N,found dead in cage
NA,F,9/18/03,NA,354,NA,4/1/08,Y,"ate pups all the time, euthanised"
NA,M,11/25/03,NA,365,NA,9/24/09,Y,euthanised due to old age
NA,F,12/24/03,NA,369,NA,12/27/07,N,found dead in cage
NA,M,2/15/04,NA,410,NA,4/8/05,,??? No cause of death
NA,M,3/2/04,NA,412,NA,7/31/08,Y,"removed poor breeder, SAC"
NA,F,2/3/04,NA,414,NA,4/2/08,N,"skinny, found dead in cage"
NA,M,10/16/00,NA,42,NA,9/30/02,N,attacked and eaten by female
NA,M,3/3/04,NA,421,NA,8/24/07,N,"found dead in cage with female, fighting? "
NA,F,3/3/04,NA,422,NA,4/8/07,N,found dead in cage
NA,F,5/27/04,NA,423,NA,9/25/05,Y,"removed poor breeder, SAC"
NA,M,6/25/04,NA,424,NA,9/25/05,Y,"removed poor breeder, SAC"
NA,M,4/11/04,NA,426,NA,4/1/08,Y,"excess urine in cage, possible diabetic, euthanised"
NA,M,7/6/04,NA,427,NA,8/12/09,Y,"removed poor breeder, SAC"
NA,F,7/16/04,NA,428,NA,10/12/05,Y,"removed poor breeder, SAC"
NA,F,8/1/04,NA,431,NA,10/20/05,Y,"removed poor breeder, SAC"
NA,F,5/2/04,NA,435,NA,2/10/05,N,possible fighting with mate in cage
NA,F,10/16/04,NA,438,NA,11/22/05,Y,"removed poor breeder, SAC"
NA,F,11/7/00,NA,44,NA,7/15/04,Y,"euthanised for expt, poor breeder"
NA,M,10/23/04,NA,441,NA,8/12/09,Y,"removed poor breeder, SAC"
NA,F,10/23/04,NA,442,NA,4/8/05,,??? No cause of death
NA,F,5/22/04,NA,443,NA,5/22/06,N,found dead in cage
NA,F,11/1/01,NA,45,NA,1/18/04,N,found dead on own
NA,M,12/29/04,NA,455,NA,8/12/09,Y,"removed poor breeder, SAC"
NA,M,11/26/00,NA,48,NA,9/10/02,N,"suspected dehydration, very skinny, found dead"
NA,F,10/8/04,NA,484,NA,1/8/09,N,female died after male removed from cage
NA,M,10/8/04,NA,485,NA,3/18/11,N,"old age, less active, found dead in cage"
NA,M,10/13/04,NA,486,NA,1/9/10,N,"tumours on neck, poor health, euthanised"
NA,M,10/30/04,NA,492,NA,4/1/08,Y,"poor breeder, euthanised for experiments"
NA,F,2/13/00,NA,5,NA,6/13/03,Y,"possible tumours on chest and shoulders, euthanised for expt"
NA,M,1/23/05,NA,503,NA,5/11/10,N,"found dead in cage, less active, unwell"
NA,M,2/12/05,NA,508,NA,3/25/06,N,found dead in cage
NA,M,2/12/05,NA,509,NA,11/9/06,Y,"removed poor breeder, SAC"
NA,M,2/22/05,NA,512,NA,8/12/09,Y,"removed poor breeder, SAC"
NA,F,3/18/05,NA,513,NA,2/19/09,N,"found dead in cage, possible abnormal kidneys, kidney failure"
NA,M,4/5/05,NA,516,NA,6/17/10,Y,"removed poor breeder, SAC"
NA,F,4/5/05,NA,517,NA,11/9/06,Y,"removed poor breeder, SAC"
NA,F,4/8/05,NA,519,NA,5/16/10,,??? No cause of death
NA,F,4/8/05,NA,521,NA,4/29/10,Y,euthanised for eye infection
NA,M,5/19/05,NA,530,NA,10/27/09,N,"found dead in cage, possible kidney failure"
NA,F,6/8/05,NA,534,NA,3/9/09,Y,"removed poor breeder, SAC"
NA,M,6/8/05,NA,536,NA,4/17/12,N,died in cage with mate
NA,F,7/20/05,NA,544,NA,12/17/08,Y,"removed poor breeder, SAC"
NA,F,9/1/05,NA,553,NA,6/7/07,N,intestinal blockage
NA,F,9/11/05,NA,555,NA,12/17/08,Y,"removed poor breeder, SAC"
NA,F,9/18/05,NA,558,NA,12/17/08,Y,"removed poor breeder, SAC"
NA,F,12/4/05,NA,563,NA,2/18/10,Y,"poor breeder, euth for tissue expt"
NA,M,11/15/05,NA,568,NA,6/17/10,Y,"removed poor breeder, SAC"
NA,M,12/4/05,NA,571,NA,8/12/09,Y,"removed poor breeder, SAC"
NA,M,12/4/05,NA,573,NA,6/17/12,N,"chewed tail, blood loss"
NA,F,12/22/05,NA,574,NA,10/25/11,N,multiple tumours
NA,F,12/23/05,NA,575,NA,3/30/10,Y,"removed poor breeder, SAC"
NA,F,2/13/00,NA,6,NA,2/11/05,Y,"used for experiment, old age and poor breeder"
NA,M,1/23/06,NA,602,NA,8/12/09,Y,"removed as mate died, SAC"
NA,M,3/1/06,NA,611,NA,7/15/12,N,died in cage with mate
NA,F,4/1/06,NA,614,NA,9/24/09,Y,"poor breeder, euthanised"
NA,F,3/7/06,NA,617,NA,7/7/09,N,"skinny, weight loss"
NA,F,4/25/06,NA,618,NA,9/24/09,Y,"poor breeder, euthanised"
NA,M,5/5/06,NA,621,NA,10/5/12,Y,"deteriorating health, euthanised"
NA,F,3/14/06,NA,623,NA,3/20/08,Y,"Jaw eaten by male, euthanised"
NA,F,3/21/06,NA,627,NA,3/9/09,Y,"removed poor breeder, SAC"
NA,F,8/18/06,NA,636,NA,5/23/08,N,died while giving birth to pups
NA,M,11/18/06,NA,645,NA,11/9/12,Y,"euthanised, illness and poor health, pododermatitis"
NA,M,11/18/06,NA,648,NA,4/25/13,Y,"deteriorating health, euthanised"
NA,M,11/28/06,NA,649,NA,2/5/11,N,"found dead in cage, old age likely"
NA,M,11/28/06,NA,651,NA,11/4/10,Y,"pododermatitis and health problems, euthanised"
NA,F,12/31/06,NA,656,NA,11/4/10,Y,"poor breeder, euthanised"
NA,F,6/27/06,NA,659,NA,12/17/08,Y,"removed poor breeder, SAC"
NA,F,6/27/06,NA,660,NA,7/15/12,Y,"removed as mate died, SAC"
NA,F,2/22/00,NA,7,NA,12/13/02,N,found dead in cage
NA,F,2/14/07,NA,705,NA,1/11/11,Y,"euthanised, poor breeder"
NA,M,3/2/07,NA,707,NA,10/25/11,N,found dead in cage
NA,F,3/2/07,NA,708,NA,4/20/11,Y,"eye irritation, declining health, euthanised"
NA,M,4/6/07,NA,711,NA,1/17/11,N,died fighting with female in cage
NA,M,6/13/07,NA,719,NA,1/30/14,Y,euthanised due to poor health/old age
NA,M,6/13/07,NA,720,NA,6/4/08,N,died fighting with female in cage
NA,F,8/10/07,NA,723,NA,5/2/12,N,found dead in cage
NA,F,8/14/07,NA,725,NA,4/30/09,N,died fighting with male in cage
NA,F,8/14/07,NA,726,NA,4/30/09,N,"found dead in cage, fighting with male"
NA,F,9/25/07,NA,732,NA,4/9/13,Y,"Had mammary tumour, sick, euthanised by vet"
NA,F,10/19/07,NA,736,NA,5/26/10,N,"uneven kidneys, pale inside"
NA,M,12/4/07,NA,738,NA,9/24/09,Y,"killed female mate, poor breeder, euthanised"
NA,F,11/23/07,NA,780,NA,2/12/09,Y,"removed poor breeder, SAC"
NA,F,4/24/08,NA,809,NA,12/28/11,N,fighting with male in cage
NA,F,6/28/08,NA,813,NA,10/2/10,N,died in cage with male
NA,F,7/5/08,NA,815,NA,7/23/14,N,"died in cage, sick and old age likely "
1577047,M,3/31/08,16,816,0739x0644,4/26/16,N,
NA,M,4/11/08,NA,819,NA,10/26/13,N,found dead in cage
NA,F,8/19/08,NA,821,NA,2/24/12,N,"amyloidosis, tissues submitted to pathology"
NA,F,8/19/08,NA,822,NA,12/12/11,Y,"poor breeder, euthanised"
NA,M,8/26/08,NA,823,NA,1/1/12,N,"died in cage, abnormal kidneys on PM"
NA,F,8/26/08,NA,824,NA,7/2/09,N,"labour complications, pups got stuck"
NA,F,6/5/08,NA,827,NA,10/4/12,Y,"removed poor breeder, SAC"
NA,M,6/5/08,NA,828,NA,9/8/14,N,found dead in cage
NA,F,7/30/08,NA,835,NA,6/18/10,Y,"removed poor breeder, SAC"
NA,F,9/27/08,NA,840,NA,5/22/12,N,found dead in cage
NA,F,11/17/08,NA,855,NA,6/18/10,Y,"removed poor breeder, SAC"
NA,F,12/12/83,NA,8619,NA,12/28/88,N,"mammary tumours, SAC"
NA,M,11/11/85,NA,8621,NA,1/18/89,N,found dead in cage
NA,F,7/8/86,NA,8631,NA,7/15/93,Y,"removed poor breeder, SAC"
NA,M,3/7/87,NA,8713,NA,2/8/93,Y,"removed poor breeder, SAC"
NA,F,12/2/87,NA,8784,NA,12/23/90,N,found dead in cage
NA,F,5/27/88,NA,8832,NA,8/29/90,N,found dead in cage
NA,M,9/27/88,NA,8857,NA,8/2/96,Y,"removed poor breeder, SAC"
NA,F,5/8/89,NA,8931,NA,7/25/96,Y,"removed from breeding, euthanised"
NA,M,7/30/89,NA,8946,NA,1/3/97,N,found dead in cage
NA,F,8/4/89,NA,8953,NA,7/1/93,A,"no date of death, went by last date paired"
NA,M,8/20/89,NA,8957,NA,12/31/89,N,found dead in cage
NA,F,2/28/00,NA,9,NA,2/11/05,N,found dead in cage
NA,M,4/9/90,NA,9002,NA,6/19/96,N,found dead in cage
NA,F,5/21/90,NA,9005,NA,7/12/94,Y,"poor breeder, euthanised"
NA,M,5/21/90,NA,9007,NA,2/7/96,Y,"poor breeder, euthanised"
NA,F,1/14/09,NA,901,NA,11/7/13,N,found dead in cage
NA,F,5/31/90,NA,9011,NA,12/12/96,N,no cause of death
NA,F,5/31/90,NA,9012,NA,12/12/96,A,"no date of death, went by last date paired"
NA,F,6/4/90,NA,9013,NA,3/3/94,Y,"poor breeder, removed from colony, euthanised"
NA,M,2/11/90,NA,9015,NA,1/9/95,N,found dead in cage
NA,F,6/14/90,NA,9016,NA,6/6/94,A,"no date of death, went by last date paired"
NA,M,8/24/90,NA,9023,NA,6/1/94,A,"no date of death, went by last date paired"
NA,M,9/14/90,NA,9026,NA,6/16/95,N,found dead in cage
NA,M,9/14/90,NA,9027,NA,7/21/95,N,"kidney/urine issues, euth for expt"
NA,F,10/18/90,NA,9028,NA,12/12/96,Y,"removed from breeding, euthanised"
NA,F,6/12/90,NA,9036,NA,9/27/94,Y,"removed poor breeder, SAC"
NA,F,7/2/90,NA,9039,NA,7/26/94,Y,"had detached retina, SAC"
NA,F,7/23/90,NA,9044,NA,11/15/93,N,found dead in cage
NA,M,1/21/09,NA,907,NA,10/7/14,N,found dead in cage
NA,F,3/18/09,NA,908,NA,4/20/11,Y,"poor breeder, euthanised"
NA,F,4/22/09,NA,910,NA,8/16/12,N,"renal/fatty liver, maybe from stress of move"
NA,M,1/8/91,NA,9101,NA,8/9/96,Y,"removed poor breeder, SAC"
NA,F,1/18/91,NA,9103,NA,4/8/95,N,found dead in cage
NA,F,3/8/91,NA,9110,NA,1/6/98,A,"no date of death, went by last date paired"
NA,M,3/8/91,NA,9111,NA,11/11/96,N,"found dead, temp in room was very cold"
NA,F,3/17/91,NA,9113,NA,10/30/93,Y,"poor breeder, euthanised"
NA,F,3/27/91,NA,9121,NA,3/31/92,Y,SAC
NA,F,3/27/91,NA,9122,NA,9/29/94,Y,"removed poor breeder, SAC"
NA,F,7/12/91,NA,9126,NA,8/7/96,N,found dead in cage
NA,F,9/27/91,NA,9127,NA,8/3/94,N,"sick, found dead in cage"
NA,F,8/12/91,NA,9129,NA,11/25/96,Y,"poor breeder, euthanised"
NA,F,5/23/09,NA,913,NA,2/10/11,Y,"poor breeder, euthanised"
NA,M,7/10/91,NA,9146,NA,8/7/96,Y,"removed poor breeder, SAC"
NA,F,7/10/91,NA,9147,NA,4/25/95,N,found dead in cage
NA,F,12/11/91,NA,9148,NA,11/25/96,Y,"poor breeder, euthanised"
NA,M,12/24/91,NA,9151,NA,12/12/96,Y,"removed from breeding, euthanised"
NA,F,8/28/91,NA,9162,NA,5/23/95,N,found dead in cage
NA,F,6/25/09,NA,918,NA,8/15/12,N,"renal/fatty liver, maybe from stress of move"
NA,M,2/12/92,NA,9203,NA,12/12/96,N,no cause of death
NA,F,2/25/92,NA,9205,NA,5/1/97,A,"no date of death, went by last date paired"
NA,M,2/25/92,NA,9206,NA,7/8/96,A,"no date of death, went by last date paired"
NA,F,3/1/92,NA,9207,NA,5/20/97,Y,"removed from breeding, euthanised"
NA,M,3/4/92,NA,9208,NA,5/7/96,N,found dead in cage
NA,M,7/3/09,NA,921,NA,9/10/14,Y,"failed breeder, SAC for expt"
NA,M,4/12/92,NA,9217,NA,2/7/96,Y,"removed from breeding, euthanised"
NA,M,4/15/92,NA,9220,NA,7/12/96,A,"no date of death, went by last date paired"
NA,M,4/24/92,NA,9221,NA,11/8/96,A,"no date of death, went by last date paired"
NA,F,6/1/92,NA,9231,NA,3/25/96,N,found dead in cage
NA,F,7/10/92,NA,9238,NA,3/19/99,N,found dead in cage
NA,F,8/24/92,NA,9250,NA,5/20/97,,may have died after transport to Australia
NA,F,10/20/92,NA,9263,NA,5/20/97,,may have died after transport to Australia
NA,F,10/20/92,NA,9264,NA,12/12/99,A,"no date of death, went by last date paired"
NA,F,12/31/92,NA,9265,NA,12/9/94,Y,"attempted c section, mother died"
NA,F,12/31/92,NA,9266,NA,10/24/96,Y,"removed poor breeder, SAC"
NA,F,12/31/92,NA,9267,NA,1/30/99,N,found dead in cage
NA,M,12/31/92,NA,9268,NA,5/27/99,Y,SAC
NA,F,8/25/09,NA,927,NA,8/12/14,N,"found dead in cage, PM showed tumour in abdomen"
NA,M,5/17/09,NA,929,NA,3/4/15,,
NA,M,11/10/09,NA,931,NA,10/27/15,Y,"old age, used for experiments"
NA,M,3/18/93,NA,9311,NA,9/3/96,A,"no date of death, went by last date paired"
NA,M,3/18/93,NA,9312,NA,4/12/97,,may have died after transport to Australia
NA,F,4/2/93,NA,9318,NA,5/1/97,A,"no date of death, went by last date paired"
NA,F,5/31/93,NA,9321,NA,8/8/95,N,died having pups
NA,F,5/7/93,NA,9322,NA,5/3/97,A,"no date of death, went by last date paired"
NA,F,5/17/93,NA,9329,NA,9/1/95,A,"no date of death, went by last date paired"
NA,M,5/17/93,NA,9330,NA,10/11/96,N,"injured by female, found dead"
NA,F,2/7/93,NA,9338,NA,5/4/01,N,large tumour. Does not say where
NA,M,7/2/93,NA,9339,NA,12/3/96,A,"no date of death, went by last date paired"
1577073,M,5/18/09,34,934,,10/4/16,N,tumour
NA,M,7/2/93,NA,9340,NA,12/6/95,A,"no date of death, went by last date paired"
NA,F,7/13/93,NA,9345,NA,12/6/96,,may have died after transport to Australia
NA,F,1/1/93,NA,9347,NA,4/12/97,,may have died in transport to Australia
NA,F,7/13/93,NA,9348,NA,9/17/96,A,"no date of death, went by last date paired"
NA,F,11/28/09,NA,935,NA,2/15/11,N,"found dead in cage with male, no sign of fighting "
NA,M,7/24/93,NA,9351,NA,1/4/00,N,found dead in cage
NA,M,7/24/93,NA,9352,NA,8/5/96,A,"no date of death, went by last date paired"
NA,F,7/9/93,NA,9358,NA,5/3/01,Y,"euthanised, poor breeder"
NA,M,7/9/93,NA,9359,NA,11/18/96,A,"no date of death, went by last date paired"
NA,M,12/1/09,NA,936,NA,1/4/15,N,found dead in cage
NA,F,12/1/09,NA,938,NA,12/5/13,Y,"poor breeder, used for expt"
NA,M,10/11/93,NA,9381,NA,9/24/96,Y,"killed female, euthanised"
NA,M,10/11/93,NA,9382,NA,11/30/96,A,"no date of death, went by last date paired"
NA,M,1/1/93,NA,9388,NA,4/12/97,,may have died in transport to Australia
NA,F,12/16/09,NA,939,NA,8/21/12,N,"renal/fatty liver, maybe from stress of move"
NA,F,11/11/93,NA,9391,NA,9/17/96,Y,"poor breeder, euthanised"
NA,M,12/1/93,NA,9397,NA,12/12/96,A,"no date of death, went by last date paired"
NA,M,12/3/93,NA,9399,NA,6/13/01,N,found dead in cage
1577091,M,5/24/09,40,940,,11/7/13,Y,"removed poor breeder, SAC"
NA,F,1/4/94,NA,9401,NA,2/19/96,Y,"poor breeder, euthanised"
NA,F,2/7/94,NA,9413,NA,9/23/98,N,found dead in cage
NA,F,2/24/94,NA,9420,NA,7/23/99,N,found dead in cage
NA,F,2/24/94,NA,9421,NA,12/29/00,Y,SAC
NA,F,2/27/94,NA,9426,NA,8/9/96,N,found dead in cage
NA,F,4/12/94,NA,9434,NA,6/26/00,N,found dead in cage
NA,NA,5/16/94,NA,9436,NA,8/9/96,N,found dead in cage
NA,F,9/1/94,NA,9455,NA,8/1/99,N,"delivery issues giving birth, had c-section"
NA,F,10/20/94,NA,9462,NA,7/9/96,Y,"removed poor breeder, SAC"
NA,F,6/9/94,NA,9467,NA,11/25/96,A,"no date of death, went by last date paired"
NA,M,6/9/94,NA,9468,NA,7/28/95,Y,"poor breeder, used for expt"
NA,F,6/28/94,NA,9481,NA,5/3/01,Y,"euthanised, poor breeder"
NA,M,4/5/95,NA,9539,NA,9/17/96,A,"no date of death, went by last date paired"
NA,M,8/23/95,NA,9543,NA,5/10/04,N,"old age, 9 years old, ""Spy"""
NA,F,5/7/95,NA,9544,NA,9/30/96,Y,"poor breeder, euthanised"
NA,F,5/24/95,NA,9560,NA,6/13/01,,no cause of death
NA,F,11/28/95,NA,9568,NA,5/27/99,Y,SAC
NA,M,12/24/96,NA,9576,NA,9/9/02,Y,"removed poor breeder, SAC"
NA,F,12/24/95,NA,9578,NA,8/7/02,Y,"removed poor breeder, SAC"
NA,F,12/31/95,NA,9582,NA,2/17/00,N,found dead in cage
NA,M,7/15/95,NA,9591,NA,5/1/97,,no cause of death
NA,F,1/12/96,NA,9610,NA,1/6/99,N,died in cage with mate
NA,F,1/23/96,NA,9621,NA,9/9/02,Y,"removed poor breeder, SAC"
NA,M,3/3/96,NA,9623,NA,1/23/97,N,died in cage with mate
NA,F,3/15/96,NA,9629,NA,10/11/96,,?? No cause of death
NA,F,3/8/96,NA,9641,NA,5/22/97,Y,SAC
NA,F,5/7/96,NA,9647,NA,4/12/97,,may have died after transport to Australia
NA,F,5/24/96,NA,9652,NA,9/24/96,N,"killed in room, not sure how"
NA,F,6/28/96,NA,9654,NA,4/30/02,Y,"removed poor breeder, SAC"
NA,F,5/29/96,NA,9656,NA,2/25/03,Y,"euthanised, old age"
NA,M,7/14/96,NA,9658,NA,11/21/99,N,found dead in cage
NA,M,6/26/96,NA,9663,NA,6/5/01,,no cause of death
NA,F,6/26/96,NA,9664,NA,4/12/97,,died in transport to Australia
NA,M,6/4/97,NA,9720,NA,2/9/03,N,"found dead in cage, old age and fighting possible"
NA,M,7/1/97,NA,9721,NA,12/12/02,N,"found dead in cage, old age likely"
NA,F,9/20/97,NA,9722,NA,5/9/00,Y,"poor breeder, euthanised"
NA,F,12/7/97,NA,9723,NA,6/6/01,Y,"poor breeder, euthanised"
NA,M,12/7/97,NA,9724,NA,12/16/03,Y,"getting old, used for experiments"
NA,F,12/14/97,NA,9725,NA,1/5/03,N,"found dead, tumour in chest on PM"
NA,M,12/15/97,NA,9726,NA,6/12/01,N,found dead in cage
NA,F,1/30/97,NA,9729,NA,4/1/03,Y,euthanised for experiments
NA,M,1/30/97,NA,9730,NA,10/4/00,Y,"found with broken jaw, euthanised"
NA,M,9/2/97,NA,9759,NA,6/15/03,N,found dead in cage
NA,M,3/24/98,NA,9804,NA,11/14/01,N,bloated stomach and tumours on all feet. Could have been pododermatitis. 
NA,F,4/14/98,NA,9805,NA,2/2/03,Y,"poor breeder, euthanised"
NA,F,3/12/98,NA,9819,NA,4/11/03,Y,"poor breeder, used for expt"
NA,M,9/11/98,NA,9878,NA,11/17/03,Y,"removed poor breeder, SAC"
NA,F,11/15/98,NA,9888,NA,3/14/05,Y,"removed poor breeder, SAC"
NA,M,11/28/91,NA,9891,NA,2/24/06,Y,"removed poor breeder, SAC"
NA,M,12/28/99,NA,9901,NA,3/5/01,N,found dead in cage
NA,M,1/22/98,NA,9908,NA,12/1/04,Y,"removed poor breeder, SAC"
NA,M,1/26/99,NA,9909,NA,2/24/06,Y,"removed poor breeder, SAC"
NA,F,1/29/99,NA,9910,NA,1/10/06,Y,"removed poor breeder, SAC"
NA,F,5/13/99,NA,9913,NA,4/29/04,N,died while giving birth. Extensive blood in cage
NA,NA,2/24/99,NA,9914,NA,11/17/03,N,found dead in cage
NA,F,6/20/99,NA,9919,NA,1/13/04,N,found dead in cage
NA,F,7/20/99,NA,9921,NA,1/1/02,N,found dead in cage
NA,M,2/20/99,NA,9922,NA,12/1/04,Y,"removed poor breeder, SAC"
NA,F,4/11/99,NA,9926,NA,12/1/04,Y,"removed poor breeder, SAC"
NA,M,11/20/99,NA,9933,NA,2/11/05,Y,"becoming aggressive, used for experiments"
NA,F,6/20/99,NA,9938,NA,4/8/02,Y,"removed poor breeder, SAC"
NA,F,7/9/99,NA,9941,NA,8/29/00,N,found dead in cage
NA,F,7/9/99,NA,9942,NA,4/16/01,N,found dead in cage
NA,F,7/5/99,NA,9945,NA,4/4/03,N,found dead in cage
NA,F,9/29/99,NA,9950,NA,10/25/03,N,found dead in cage
NA,F,10/1/99,NA,9953,NA,2/24/06,Y,"removed poor breeder, SAC"
NA,F,11/18/99,NA,9957,NA,12/1/04,Y,"removed poor breeder, SAC"
4555153,F,8/25/10,NA,Alice,,10/21/16,Y,"removed poor breeder, SAC"
NA,M,8/27/10,NA,M7263,NA,1/31/14,N,"found dead in cage, No DOB from Duke/Swiss"
4555152,M,8/27/10,NA,Mex,,9/27/16,N,found dead in cage
17713404,M,1/15/11,NA,Stewie,NA,4/19/19,Y,adenovirus
17975374,M,7/10/18,NA,NA,,2/6/19,N,found dead 2/6/19; ST7 on 2/5/19
NA,F,11/13/02,NA,220a,NA,2/11/05,Y,"ate pups all the time, removed for experiments"
NA,F,3/8/02,NA,220b,NA,3/10/06,Y,"removed poor breeder, SAC"
NA,F,11/13/02,NA,222a,NA,8/16/07,N,"found dead in cage, ate pups never kept any"
NA,M,3/21/02,NA,222b,NA,3/14/06,Y,"removed poor breeder, SAC"
NA,M,5/31/87,NA,233a,NA,12/12/94,N,"sick, No cause of death"
NA,F,12/16/02,NA,233b,NA,9/14/05,N,"bite wounds, hair loss, found dead in cage"
NA,F,5/1/04,NA,437a,NA,5/3/05,N,died while giving birth to pups
NA,M,10/1/04,NA,437b,NA,9/4/08,Y,"removed poor breeder, SAC"
NA,F,5/13/06,NA,626a,NA,9/25/08,Y,poor breeder used for IOP experiment
NA,F,3/21/06,NA,626b,NA,10/2/12,Y,"removed poor breeder, SAC"
1577069,M,5/14/06,44,644a,,2/11/15,N ,died/found dead
NA,M,11/18/06,NA,644b,NA,2/3/10,Y,"hard lump in neck, pododermatitis"
NA,M,9/23/08,NA,826a,NA,1/30/14,Y,euthanised due to poor health/old age
NA,F,6/5/08,NA,826b,NA,11/3/11,N,found dead in cage
9325866,M,1/14/09,3,903,0566 x 0426,5/11/15,Y,
2118348,F,5/17/09,33,933,,5/22/15,Y,"sick, old age"
2135608,M,12/3/09,92,992,0739x0988,8/4/16,Y,
NA,M,7/26/10,NA,1057,NA,10/28/15,Y,"BREEDER, transferred to for expt"
9325885,M,1/2/11,1,1101,0930 x 0911,6/22/15,Y,
NA,M,1/8/11,NA,AU1101,NA,11/11/15,Y,"deteriorating health, used for experiments"
17996621,M,3/17/11,14,1114,0988x0992,2/18/19,Y,
17713356,F,11/6/11,82,1182,0778 x 0814,11/17/17,Y,
17713400,F,2/26/12,5,1205,0910 x 0648,1/3/20,Y,chronic kidney disease
17713394,M,10/24/13,17,1317,1025 x 1202,8/23/19,Y,
17713369,M,6/16/14,39,1439,1251 x 1221,8/15/18,Y,chronic kidney disease
17713380,F,6/29/14,46,1446,1061 x 1101,6/20/17,Y,tumour
18191652,F,7/2/14,50,1450,1452x1577,10/20/24,Y,
18191650,M,8/3/14,56,1456,1334 F x CJ (M8362) M,8/3/21,Y,"SAC on 8/31/21; abnormal liver, possible abdomen tumor"
18191644,M,7/25/14,57,1457,1182 x 1229,10/20/24,Y,
17378375,F,4/2/15,1,1501,,5/4/15,Y, -5D red flicker
17713406,F,1/1/15,1,AU1501,1122 x 1202,9/10/20,Y,
17339388,F,1/16/15,2,1502,,3/27/15,Y,"*Duplicate,MD"
18077894,F,1/16/15,2,AU1502,,3/9/20,,"*Duplicate,aggressive, reduced; breeder, transferred to colony"
17339404,F,1/23/15,4,1504,,4/1/15,Y,
17353460,F,1/23/15,5,1505,,NA,,*Duplicate
17953340,M,6/16/15,5,AU1505,,4/11/22,Y,*Duplicate
17353467,F,1/22/15,6,1506,,4/3/15,Y,*Duplicate 
18052817,F,9/21/15,6,AU1506,,6/3/21,Y,*Duplicate
17713408,F,6/9/15,69,1569,1157 x 1076,6/11/20,Y,reproductive tumor
18191638,F,7/21/15,76,1576,1157M x 1076,3/5/21,Y,lymphoma/reproductive tumor
NA,F,7/27/15,NA,1582,NA,6/28/18,Y,sac
17774612,M,8/14/17,49,1749,1067 x 1114,10/2/17,Y,ORM -10 OS
17777905+A63:G64,M,8/20/17,50,1750,,12/18/20,N ,
17840784,M,2/18/18,17,1817,1450x1577,3/15/21,Y,
NA,F,8/12/91,NA,9128a,NA,12/12/96,A,"no date of death, went by last date paired"
NA,M,4/21/91,NA,9128b,NA,1/3/94,N,found dead in cage
NA,F,2/12/92,NA,9202,NA,8/2/97,Y,"had tumour or mastitis, euthanised"
NA,F,3/27/96,NA,9631a,NA,2/6/02,,?? No cause of death
NA,F,3/4/96,NA,9631b,NA,2/3/97,,delivery/pup issues
NA,F,7/4/96,NA,9657a,NA,10/19/00,N,"found dead in cage, large mass in uterus on PM"
NA,F,7/14/96,NA,9657b,NA,8/19/97,N,found dead in cage
NA,M,8/16/99,NA,9924a,NA,3/10/03,N,"found dead, fighting with partner"
NA,M,2/25/99,NA,9924b,NA,3/14/05,Y,"removed poor breeder, SAC"
NA,M,7/7/10,NA,CJ,,7/12/18,Y,
